todayNumber,lifePathNumber,character,messageType,variant,colorName,body,action1,action2,notes
1,1,owl,base,A,赤,今日の「1」の空気は、あなたの始める力をそっと後押ししてくれそうです。大きく動かなくても、小さな一歩で十分です。,気になっていたことをひとつ始める,今日の目標を短く書いてみる,UD1×LP1×owl base variant A
1,1,owl,base,B,赤,今日の「1」の空気は、あなたの行動に小さなきっかけをくれそうです。気になっていたことを、日常の中でひとつだけ動かしてみてください。,後回しにしていたことを少し始める,今日やることをひとつだけ決める,UD1×LP1×owl base variant B
1,1,owl,base,C,赤,今日の「1」の空気は、あなたの中にある小さなはじまりに光を当ててくれそうです。まだ形になっていない気持ちも、今日の大切な記録です。,心に浮かんだ始まりを一行残す,今日の小さな決意を書いてみる,UD1×LP1×owl base variant C
1,2,owl,base,A,白,今日の「1」の空気は、あなたのやさしい気持ちに小さな意志を添えてくれそうです。誰かに合わせすぎず、自分の一歩も選んでみてください。,自分の気持ちを一行だけ書く,心地よい距離をひとつ選ぶ,UD1×LP2×owl base variant A
1,2,owl,base,B,白,今日の「1」の空気は、あなたの人との関わりに小さな意思を添えてくれそうです。合わせるだけでなく、自分からひとこと伝えてみてください。,自分から短い連絡をする,「私はこう思う」をやさしく伝える,UD1×LP2×owl base variant B
1,2,owl,base,C,白,今日の「1」の空気は、あなたのやさしい心に自分で選ぶ力を思い出させてくれそうです。誰かといる中で感じた自分の気持ちを、そっと残してみてください。,人との間で感じたことを書く,自分の心地よさを振り返る,UD1×LP2×owl base variant C
1,3,owl,base,A,黄色,今日の「1」の空気は、あなたの中にある言葉やひらめきを外へ出しやすくしてくれそうです。まずは思いついたことを、ひとつ形にしてみてください。,浮かんだ言葉をメモする,小さな発信やひとことを書く,UD1×LP3×owl base variant A
1,3,owl,base,B,黄色,今日の「1」の空気は、あなたの言葉にはじまりの力をくれそうです。思いついたことを、メモやひとことにして外へ出してみてください。,思いついた言葉をすぐ書く,小さな発信をひとつしてみる,UD1×LP3×owl base variant B
1,3,owl,base,C,黄色,今日の「1」の空気は、あなたの中に浮かぶ言葉へはじまりの光を届けてくれそうです。うまくまとまらないひとことも、今のあなたらしい表現です。,浮かんだ言葉をそのまま残す,今日の気分を一言で書く,UD1×LP3×owl base variant C
1,4,owl,base,A,緑,今日の「1」の空気は、あなたの毎日のつみ重ねに新しい一歩を加えてくれそうです。急がず、できることをひとつ始めてみてください。,今日の予定をひとつ決める,小さな習慣をひとつ始める,UD1×LP4×owl base variant A
1,4,owl,base,B,緑,今日の「1」の空気は、あなたの毎日に新しい習慣の芽をくれそうです。大きく変えず、続けられそうなことをひとつ足してみてください。,小さな習慣をひとつ始める,明日のために一か所整える,UD1×LP4×owl base variant B
1,4,owl,base,C,緑,今日の「1」の空気は、あなたの毎日の中に新しい芽を見つけてくれそうです。小さく始めたことが、あとから安心につながるかもしれません。,今日始めた小さなことを書く,続けたい気持ちを一行残す,UD1×LP4×owl base variant C
1,5,owl,base,A,青,今日の「1」の空気は、あなたの自由な感覚に新しい風を運んでくれそうです。いつもと少し違う選択を、ひとつ試してみてください。,行き方や順番を少し変える,気になることを軽く試してみる,UD1×LP5×owl base variant A
1,5,owl,base,B,青,今日の「1」の空気は、あなたの自由な動きに新しい入口を見せてくれそうです。予定の中に、小さな自由をひとつ入れてみてください。,いつもと違う選択をひとつする,気になる場所や情報に触れてみる,UD1×LP5×owl base variant B
1,5,owl,base,C,青,今日の「1」の空気は、あなたの心に新しい風の入口を作ってくれそうです。どこかへ大きく進まなくても、気持ちが少し動いたなら十分です。,心が動いた瞬間を残す,今日選んだ小さな自由を書く,UD1×LP5×owl base variant C
1,6,owl,base,A,ピンク,今日の「1」の空気は、あなたの優しさを新しい形で使いやすくしてくれそうです。誰かのためだけでなく、自分のための一歩も大切にしてください。,自分に小さなごほうびを用意する,頼まれごとをひとつ見直す,UD1×LP6×owl base variant A
1,6,owl,base,B,ピンク,今日の「1」の空気は、あなたの優しさに新しい向け方を教えてくれそうです。誰かのためだけでなく、自分のための行動もひとつ選んでください。,自分のための予定をひとつ入れる,頼まれごとの前に一呼吸おく,UD1×LP6×owl base variant B
1,6,owl,base,C,ピンク,今日の「1」の空気は、あなたの優しさに新しいあたたかさを灯してくれそうです。誰かを思う気持ちの中に、自分を大切にする場所も作ってください。,自分に向ける優しさを書く,心があたたかくなったことを残す,UD1×LP6×owl base variant C
1,7,owl,base,A,紺・藍色,今日の「1」の空気は、あなたの中にある問いを新しい気づきへ向けてくれそうです。答えを急がず、気になることを少し深めてみてください。,気になった言葉を調べてみる,考えたことを一行だけ残す,UD1×LP7×owl base variant A
1,7,owl,base,B,紺・藍色,今日の「1」の空気は、あなたの気づきに小さな入口を作ってくれそうです。気になっていることを、そのままにせず少しだけ調べてみてください。,気になることを検索してみる,考えたことを短く残す,UD1×LP7×owl base variant B
1,7,owl,base,C,紺・藍色,今日の「1」の空気は、あなたの静かな問いに小さな入口を見せてくれそうです。答えにならない気づきも、今日のあなたを照らす記録になります。,心に残った問いを書く,気づいたことを一行残す,UD1×LP7×owl base variant C
1,8,owl,base,A,オレンジ・茶色,今日の「1」の空気は、あなたの力を新しい行動へつなげてくれそうです。大きな結果より、まずは一歩進めた手ごたえを大切にしてください。,進めたいことをひとつ始める,今日の優先順位を決める,UD1×LP8×owl base variant A
1,8,owl,base,B,オレンジ・茶色,今日の「1」の空気は、あなたの進める力に最初の一手をくれそうです。結果を急がず、今日できる行動をひとつ形にしてみてください。,最初にやることを決める,進めたいことを少しだけ実行する,UD1×LP8×owl base variant B
1,8,owl,base,C,オレンジ・茶色,今日の「1」の空気は、あなたの中にある力をやさしく目覚めさせてくれそうです。大きな結果より、今日動かした小さな一歩を覚えておいてください。,今日進めたことを一行書く,手ごたえを感じた瞬間を残す,UD1×LP8×owl base variant C
1,9,owl,base,A,紫,今日の「1」の空気は、あなたの広いまなざしに新しい始まりを見せてくれそうです。すべてを抱えず、今の自分に必要な一歩を選んでみてください。,抱えていることをひとつ整理する,今できることをひとつ選ぶ,UD1×LP9×owl base variant A
1,9,owl,base,B,紫,今日の「1」の空気は、あなたの広い心に新しい選択肢を見せてくれそうです。抱えていることの中から、今できる一歩だけを選んでみてください。,今できることをひとつ書く,抱えていることを一度整理する,UD1×LP9×owl base variant B
1,9,owl,base,C,紫,今日の「1」の空気は、あなたの広い心に新しい始まりの種を置いてくれそうです。抱えてきたものの中から、これから大切にしたいものを選んでみてください。,これから大切にしたいことを書く,心に残したい気持ちを選ぶ,UD1×LP9×owl base variant C
1,11,owl,base,A,シルバー,今日の「1」の空気は、あなたのひらめきに小さな始まりの光を当ててくれそうです。まだ説明できなくても、感じたことを残してみてください。,浮かんだ直感をメモする,静かな時間を少しつくる,UD1×LP11×owl base variant A
1,11,owl,base,B,シルバー,今日の「1」の空気は、あなたのひらめきに小さな行き先をくれそうです。ふと浮かんだことを、消える前にひとつ残してみてください。,直感で気になったことをメモする,静かな時間に考えを整理する,UD1×LP11×owl base variant B
1,11,owl,base,C,シルバー,今日の「1」の空気は、あなたのひらめきに小さな光を灯してくれそうです。まだ言葉にならない感覚も、消えないようにそっと残してみてください。,浮かんだ感覚を短く残す,心に残るイメージを書いてみる,UD1×LP11×owl base variant C
1,22,owl,base,A,ゴールド,今日の「1」の空気は、あなたの中にある構想を小さな始まりへ分けてくれそうです。大きく考えすぎず、今日できる一歩から形づくってみてください。,大きな予定を一段階だけ進める,最初の手順をひとつ書き出す,UD1×LP22×owl base variant A
1,22,owl,base,B,ゴールド,今日の「1」の空気は、あなたの構想に最初の小さな手順をくれそうです。大きく始めるより、今日できる一段目を決めてみてください。,最初の手順をひとつ書く,大きな予定を小さく分ける,UD1×LP22×owl base variant B
1,22,owl,base,C,ゴールド,今日の「1」の空気は、あなたの大きな構想に最初の小さな光を当ててくれそうです。まだ完成していなくても、始まりの輪郭を残してみてください。,構想の最初の一歩を書く,形にしたい理由を一行残す,UD1×LP22×owl base variant C
1,33,owl,base,A,レインボー,今日の「1」の空気は、あなたの深い優しさに新しい向け先を教えてくれそうです。誰かを包む前に、自分の心にもあたたかさを置いてください。,自分を満たす時間を先に取る,優しさを向ける相手をひとつ選ぶ,UD1×LP33×owl base variant A
1,33,owl,base,B,レインボー,今日の「1」の空気は、あなたの深い優しさに新しい向け先を見せてくれそうです。誰かを思う前に、自分の心にもあたたかさを向けてください。,自分を満たす時間を先に作る,今日届けたい優しさをひとつ選ぶ,UD1×LP33×owl base variant B
1,33,owl,base,C,レインボー,今日の「1」の空気は、あなたの深い愛に新しいめぐり方を教えてくれそうです。包み込む優しさの中に、自分をあたためる灯りも置いてください。,自分をあたためる言葉を書く,今日向けたい優しさをひとつ選ぶ,UD1×LP33×owl base variant C
2,1,owl,base,A,赤,今日の「2」の空気は、あなたの始める力にやさしい受け取り方を添えてくれそうです。ひとりで急がず、誰かの言葉にも耳を向けてみてください。,誰かの意見をひとつ聞いてみる,始めたいことをやさしく伝える,UD2×LP1×owl base variant A
2,1,owl,base,B,赤,今日の「2」の空気は、あなたの行動にやさしい確認の時間をくれそうです。ひとりで決めきらず、誰かの声も少し聞いてみてください。,迷っていることをひとつ相談する,始めたいことを短く伝えてみる,UD2×LP1×owl base variant B
2,1,owl,base,C,赤,今日の「2」の空気は、あなたのはじまりに誰かのぬくもりを添えてくれそうです。ひとりで進む道の中にも、そっと受け取れる声があるかもしれません。,心に残った言葉を書き留める,誰かに支えられたことを思い出す,UD2×LP1×owl base variant C
2,2,owl,base,A,白,今日の「2」の空気は、あなたの繋がる力をやさしく整えてくれそうです。合わせすぎず、自分の心地よさも大切にしてみてください。,無理のない距離をひとつ選ぶ,自分の気持ちを一行だけ書く,UD2×LP2×owl base variant A
2,2,owl,base,B,白,今日の「2」の空気は、あなたの繋がる力を日常の中でやさしく整えてくれそうです。無理に合わせず、心地よい距離を選んでみてください。,返信する相手をひとり選ぶ,自分の気持ちを短く書く,UD2×LP2×owl base variant B
2,2,owl,base,C,白,今日の「2」の空気は、あなたの心の距離をやさしく見つめさせてくれそうです。近づくことも、少し離れることも、大切な選択のひとつです。,心地よかった距離感を残す,自分の気持ちをそっと書く,UD2×LP2×owl base variant C
2,3,owl,base,A,黄色,今日の「2」の空気は、あなたの言葉にやわらかな響きを添えてくれそうです。楽しく話すだけでなく、相手の気持ちも受け取ってみてください。,短い感謝をひとつ伝える,聞いてうれしかった言葉を残す,UD2×LP3×owl base variant A
2,3,owl,base,B,黄色,今日の「2」の空気は、あなたの言葉にやわらかな受け取り方を添えてくれそうです。話すだけでなく、相手のひとことも大切に聞いてみてください。,相手の言葉を最後まで聞く,うれしかった一言を残す,UD2×LP3×owl base variant B
2,3,owl,base,C,黄色,今日の「2」の空気は、あなたの言葉に誰かを思うやわらかさをくれそうです。伝えたことだけでなく、受け取った言葉も今日の記録になります。,心に残った会話を書く,受け取ってうれしかった言葉を残す,UD2×LP3×owl base variant C
2,4,owl,base,A,緑,今日の「2」の空気は、あなたの毎日のつみ重ねに人とのあたたかさを運んでくれそうです。ひとりで抱えず、頼れるところを見つけてみてください。,頼めることをひとつ考える,身近な人にひとこと声をかける,UD2×LP4×owl base variant A
2,4,owl,base,B,緑,今日の「2」の空気は、あなたの毎日の中に人との安心を運んでくれそうです。ひとりで抱えず、頼れることをひとつ見つけてみてください。,頼めることをひとつ書く,身近な人に短く声をかける,UD2×LP4×owl base variant B
2,4,owl,base,C,緑,今日の「2」の空気は、あなたの日々の中に支え合うあたたかさを見せてくれそうです。ひとりで積み上げてきたものにも、誰かの優しさが混じっているかもしれません。,支えてくれた人を思い出す,安心した出来事を一行残す,UD2×LP4×owl base variant C
2,5,owl,base,A,青,今日の「2」の空気は、あなたの自由な動きに心地よい距離感を教えてくれそうです。動きたい気持ちと、誰かとの調和を両方大切にしてみてください。,予定をひとつ相談して決める,ひとり時間と人との時間を分ける,UD2×LP5×owl base variant A
2,5,owl,base,B,青,今日の「2」の空気は、あなたの自由な動きにほどよい調和をくれそうです。自分のペースを守りながら、人との予定もやさしく整えてみてください。,予定をひとつ相談して決める,ひとり時間を少し確保する,UD2×LP5×owl base variant B
2,5,owl,base,C,青,今日の「2」の空気は、あなたの自由な心にやさしいつながりを思い出させてくれそうです。自由でいることと、大切な人と繋がることは、どちらも選んでいいものです。,心地よい関係をひとつ思い出す,自分のペースを守れたことを書く,UD2×LP5×owl base variant C
2,6,owl,base,A,ピンク,今日の「2」の空気は、あなたの優しさをよりあたたかく巡らせてくれそうです。誰かを思う気持ちと同じくらい、自分もいたわってください。,自分にも優しい言葉をかける,誰かへの気づかいを小さく届ける,UD2×LP6×owl base variant A
2,6,owl,base,B,ピンク,今日の「2」の空気は、あなたの優しさを日常の小さな場面でめぐらせてくれそうです。相手を思う分だけ、自分にもやさしい選択をしてください。,自分にも優しい言葉をかける,身近な人にひとこと届ける,UD2×LP6×owl base variant B
2,6,owl,base,C,ピンク,今日の「2」の空気は、あなたの優しさを静かに受けとめ直す時間をくれそうです。誰かに向けたあたたかさが、自分にも戻ってくる日かもしれません。,優しさを受け取った場面を書く,自分にも向けたい言葉を残す,UD2×LP6×owl base variant C
2,7,owl,base,A,紺・藍色,今日の「2」の空気は、あなたの深く見つめる力にやさしい対話を運んでくれそうです。考えを閉じ込めず、信頼できる人に少し話してみてください。,考えていることを一言だけ話す,心に残った会話をメモする,UD2×LP7×owl base variant A
2,7,owl,base,B,紺・藍色,今日の「2」の空気は、あなたの考える力にやさしい対話のきっかけをくれそうです。心の中だけで抱えず、話せることを少し外に出してみてください。,考えていることを一言だけ話す,心に残った会話をメモする,UD2×LP7×owl base variant B
2,7,owl,base,C,紺・藍色,今日の「2」の空気は、あなたの静かな気づきに対話の灯りをともしてくれそうです。誰かの言葉が、心の奥にある答えを照らしてくれるかもしれません。,心に残った会話を振り返る,気づいたことを一行残す,UD2×LP7×owl base variant C
2,8,owl,base,A,オレンジ・茶色,今日の「2」の空気は、あなたの進める力に人との調和を添えてくれそうです。ひとりで形にしようとせず、協力できる流れを探してみてください。,相談したいことをひとつ整理する,協力してもらえることを考える,UD2×LP8×owl base variant A
2,8,owl,base,B,オレンジ・茶色,今日の「2」の空気は、あなたの進める力に協力の流れをくれそうです。ひとりで形にしようとせず、相談できる部分を探してみてください。,相談したいことを整理する,協力してもらえることを考える,UD2×LP8×owl base variant B
2,8,owl,base,C,オレンジ・茶色,今日の「2」の空気は、あなたの力に人と分け合うやさしさを添えてくれそうです。ひとりで抱えていたものも、少し渡すことで形が見えやすくなります。,分け合えそうなことを書く,頼れたことや頼りたいことを残す,UD2×LP8×owl base variant C
2,9,owl,base,A,紫,今日の「2」の空気は、あなたの広く受けとめる力をやさしく整えてくれそうです。全部を抱えず、今つながりたい相手をひとり選んでみてください。,気になる人へ短く連絡する,抱えている思いをひとつ書く,UD2×LP9×owl base variant A
2,9,owl,base,B,紫,今日の「2」の空気は、あなたの受けとめる力に心地よい繋がりを運んでくれそうです。全部に応えようとせず、今つながりたい相手を選んでみてください。,気になる人へ短く連絡する,抱えている思いをひとつ書く,UD2×LP9×owl base variant B
2,9,owl,base,C,紫,今日の「2」の空気は、あなたの広い心にやさしいつながりの輪郭をくれそうです。すべてを抱きしめるより、今大切にしたい関係をそっと選んでみてください。,大切にしたい関係を思い出す,心に残った人のことを書く,UD2×LP9×owl base variant C
2,11,owl,base,A,シルバー,今日の「2」の空気は、あなたの繊細なひらめきにやさしい受け皿を作ってくれそうです。感じたことを急いで答えにせず、そっと受けとめてみてください。,感じたことを短くメモする,静かな相手と少し話してみる,UD2×LP11×owl base variant A
2,11,owl,base,B,シルバー,今日の「2」の空気は、あなたのひらめきにやさしく受けとめる時間をくれそうです。すぐに答えにせず、感じたことを静かに置いてみてください。,感じたことを短くメモする,静かな人と少し話してみる,UD2×LP11×owl base variant B
2,11,owl,base,C,シルバー,今日の「2」の空気は、あなたの繊細な感覚に静かな受け皿を作ってくれそうです。ふと感じたことを、誰かの言葉と重ねて見つめてみてください。,印象に残った言葉を残す,感じたことを静かに書く,UD2×LP11×owl base variant C
2,22,owl,base,A,ゴールド,今日の「2」の空気は、あなたの形づくる力に人との協力を運んでくれそうです。大きな構想も、誰かと分け合うことで進みやすくなります。,相談したい相手を書き出す,役割や手順をひとつ分けてみる,UD2×LP22×owl base variant A
2,22,owl,base,B,ゴールド,今日の「2」の空気は、あなたの形づくる力に協力の入口を見せてくれそうです。大きな構想も、誰かと分け合える形に整えてみてください。,相談したい相手を書き出す,役割をひとつ分けてみる,UD2×LP22×owl base variant B
2,22,owl,base,C,ゴールド,今日の「2」の空気は、あなたの構想に人と支え合う景色を見せてくれそうです。大きな形は、ひとりではなく、誰かとのつながりの中で育つこともあります。,一緒に進めたい人を思い出す,分け合いたい役割を書いてみる,UD2×LP22×owl base variant C
2,33,owl,base,A,レインボー,今日の「2」の空気は、あなたの深い優しさに心地よい距離を教えてくれそうです。包み込む前に、自分の気持ちも静かに聞いてあげてください。,自分の本音を一行だけ書く,無理なく関われる距離を選ぶ,UD2×LP33×owl base variant A
2,33,owl,base,B,レインボー,今日の「2」の空気は、あなたの深い優しさに心地よい距離感を教えてくれそうです。包み込む前に、自分の本音にも静かに耳を向けてください。,自分の本音を一行書く,無理なく関われる距離を選ぶ,UD2×LP33×owl base variant B
2,33,owl,base,C,レインボー,今日の「2」の空気は、あなたの深い愛にやさしい境界線を描いてくれそうです。包み込むだけでなく、寄り添える距離を選ぶことも愛の形です。,大切にしたい距離感を書く,自分の心が安心する関わりを選ぶ,UD2×LP33×owl base variant C
3,1,owl,base,A,赤,今日の「3」の空気は、あなたの始める力に明るい言葉を添えてくれそうです。思いついたことを、まずは小さく外に出してみてください。,やってみたいことを一言で書く,小さな発信をひとつしてみる,UD3×LP1×owl base variant A
3,1,owl,base,B,赤,今日の「3」の空気は、あなたの行動に言葉の明るさを添えてくれそうです。やってみたいことを、まずは誰かに話すか、短く書いてみてください。,やってみたいことを一言で書く,思いついたことを誰かに話す,UD3×LP1×owl base variant B
3,1,owl,base,C,赤,今日の「3」の空気は、あなたのはじまりに小さな言葉の光を添えてくれそうです。まだ動き出す前の気持ちも、書き残せば今日の大切な一歩になります。,始めたい気持ちを一行残す,心が動いた言葉を書いてみる,UD3×LP1×owl base variant C
3,2,owl,base,A,白,今日の「3」の空気は、あなたのやさしい気持ちを言葉にしやすくしてくれそうです。相手に合わせるだけでなく、自分の思いも少し伝えてみてください。,ありがとうを短く伝える,感じたことをやさしく言葉にする,UD3×LP2×owl base variant A
3,2,owl,base,B,白,今日の「3」の空気は、あなたの繋がる力にやわらかな会話を運んでくれそうです。気をつかいすぎず、感じたことを少し言葉にしてみてください。,ありがとうを短く伝える,感じたことをやさしく話す,UD3×LP2×owl base variant B
3,2,owl,base,C,白,今日の「3」の空気は、あなたのやさしい心に伝えるあたたかさをくれそうです。言えたことも、言えなかったことも、今日の心の記録になります。,伝えたかった言葉を書く,心に残った会話を振り返る,UD3×LP2×owl base variant C
3,3,owl,base,A,黄色,今日の「3」の空気は、あなたの表現する力を自然にひらいてくれそうです。うまくまとめなくても、心が動いたことを残してみてください。,心に浮かんだ言葉を残す,楽しかったことをひとつ書く,UD3×LP3×owl base variant A
3,3,owl,base,B,黄色,今日の「3」の空気は、あなたの表現する力を日常の中で自然にひらいてくれそうです。きれいにまとめなくても、心が動いたことを残してみてください。,今日楽しかったことを書く,浮かんだ言葉をそのまま残す,UD3×LP3×owl base variant B
3,3,owl,base,C,黄色,今日の「3」の空気は、あなたの心に浮かぶものをそっと表へ出してくれそうです。うまく言えない気持ちも、そのまま残せばあなたらしい表現です。,今日の気分を一言で書く,心に浮かんだ言葉を残す,UD3×LP3×owl base variant C
3,4,owl,base,A,緑,今日の「3」の空気は、あなたの毎日の中に小さな楽しさを見つけてくれそうです。整えるだけでなく、心が軽くなることもひとつ入れてみてください。,予定の中に楽しみをひとつ入れる,今日よかったことを一行書く,UD3×LP4×owl base variant A
3,4,owl,base,B,緑,今日の「3」の空気は、あなたの毎日に小さな楽しさを足してくれそうです。やるべきことの中にも、少し心が軽くなる時間を入れてみてください。,予定の中に楽しみをひとつ入れる,今日よかったことを一行書く,UD3×LP4×owl base variant B
3,4,owl,base,C,緑,今日の「3」の空気は、あなたの毎日の中にある小さな明るさを見つけてくれそうです。何気ない楽しさも、あとから読み返すと大切な記録になります。,小さく笑えたことを書く,今日の中の明るさを探す,UD3×LP4×owl base variant C
3,5,owl,base,A,青,今日の「3」の空気は、あなたの自由な感覚を軽やかに表へ出してくれそうです。いつもより少し、楽しい方を選んでみてください。,気になる場所へ少し寄ってみる,楽しいと思う選択をひとつする,UD3×LP5×owl base variant A
3,5,owl,base,B,青,今日の「3」の空気は、あなたの自由な感覚を軽やかに外へ出してくれそうです。思いついたことを、深く考えすぎず少し試してみてください。,気になることを軽く試す,楽しい方をひとつ選ぶ,UD3×LP5×owl base variant B
3,5,owl,base,C,青,今日の「3」の空気は、あなたの自由な心に軽やかな色を添えてくれそうです。理由はなくても、少し楽しいと感じたことを大切にしてみてください。,心が軽くなった瞬間を書く,今日選んだ楽しい方を残す,UD3×LP5×owl base variant C
3,6,owl,base,A,ピンク,今日の「3」の空気は、あなたの優しさをあたたかい言葉に変えてくれそうです。誰かへのひとことと同じくらい、自分にも明るい言葉を向けてください。,自分をほめる言葉をひとつ書く,身近な人にやさしい一言を送る,UD3×LP6×owl base variant A
3,6,owl,base,B,ピンク,今日の「3」の空気は、あなたの優しさをあたたかい言葉にしやすくしてくれそうです。誰かへのひとことと同じくらい、自分にも明るい言葉を向けてください。,身近な人に一言送る,自分をほめる言葉を書く,UD3×LP6×owl base variant B
3,6,owl,base,C,ピンク,今日の「3」の空気は、あなたの優しさを言葉のぬくもりに変えてくれそうです。誰かに向けた言葉の奥に、自分の心もそっと映っているかもしれません。,あたたかい言葉を一つ残す,自分にかけたい言葉を書く,UD3×LP6×owl base variant C
3,7,owl,base,A,紺・藍色,今日の「3」の空気は、あなたの深い気づきを言葉にする手助けをしてくれそうです。考えたことを、まだ途中のままでも残してみてください。,考え中のことを一行だけ書く,心に残った言葉を調べてみる,UD3×LP7×owl base variant A
3,7,owl,base,B,紺・藍色,今日の「3」の空気は、あなたの考えていることを言葉にするきっかけをくれそうです。まだ途中の気づきでも、短く残してみると整理しやすくなります。,考え中のことを一行書く,心に残った言葉を調べる,UD3×LP7×owl base variant B
3,7,owl,base,C,紺・藍色,今日の「3」の空気は、あなたの静かな気づきに言葉の入口を作ってくれそうです。まだ答えにならない思いも、書くことで少し輪郭が見えてきます。,気づきかけたことを書く,心に残った理由を考える,UD3×LP7×owl base variant C
3,8,owl,base,A,オレンジ・茶色,今日の「3」の空気は、あなたの形にする力に表現の明るさを添えてくれそうです。進めたいことを、まずは言葉にして外へ出してみてください。,やりたいことを短く宣言する,進めたい内容をメモにまとめる,UD3×LP8×owl base variant A
3,8,owl,base,B,オレンジ・茶色,今日の「3」の空気は、あなたの進める力に伝える力を添えてくれそうです。進めたいことを、まずは言葉にして見える形にしてみてください。,やりたいことを短く書く,進めたい内容をメモにまとめる,UD3×LP8×owl base variant B
3,8,owl,base,C,オレンジ・茶色,今日の「3」の空気は、あなたの力に伝えるための明るさを添えてくれそうです。形にしたい思いを言葉にすると、次の一歩が見えやすくなります。,形にしたい思いを書く,伝えたいことを一行にする,UD3×LP8×owl base variant C
3,9,owl,base,A,紫,今日の「3」の空気は、あなたの広い心にやわらかな表現を運んでくれそうです。抱えていた思いを、少し軽い言葉にしてみてください。,心に残ったことを短く書く,重い気持ちを一言だけ外に出す,UD3×LP9×owl base variant A
3,9,owl,base,B,紫,今日の「3」の空気は、あなたの受けとめる力にやわらかな表現を運んでくれそうです。抱えていた思いを、少し軽い言葉にして外へ出してみてください。,心に残ったことを短く書く,重い気持ちを一言だけ出す,UD3×LP9×owl base variant B
3,9,owl,base,C,紫,今日の「3」の空気は、あなたの広い心にやわらかな言葉を運んでくれそうです。抱えていたものを少し言葉にするだけで、心に余白が生まれるかもしれません。,抱えていた思いを書く,少し軽くなる言葉を探す,UD3×LP9×owl base variant C
3,11,owl,base,A,シルバー,今日の「3」の空気は、あなたのひらめきを言葉や表現にしやすくしてくれそうです。ふと浮かんだことを、消える前に残してみてください。,ひらめきをすぐメモする,浮かんだイメージを言葉にする,UD3×LP11×owl base variant A
3,11,owl,base,B,シルバー,今日の「3」の空気は、あなたのひらめきを言葉にしやすくしてくれそうです。ふと浮かんだ感覚を、消える前にメモしてみてください。,ひらめきをすぐメモする,浮かんだイメージを言葉にする,UD3×LP11×owl base variant B
3,11,owl,base,C,シルバー,今日の「3」の空気は、あなたのひらめきに表現の小さな扉を開いてくれそうです。説明できない感覚も、今だけの大切なサインとして残してみてください。,浮かんだイメージを書く,印象に残った感覚を残す,UD3×LP11×owl base variant C
3,22,owl,base,A,ゴールド,今日の「3」の空気は、あなたの形づくる力に伝える力を添えてくれそうです。大きな構想も、まずはわかりやすい言葉にしてみてください。,考えていることを短く説明する,伝えたい相手をひとり決める,UD3×LP22×owl base variant A
3,22,owl,base,B,ゴールド,今日の「3」の空気は、あなたの構想に伝わる言葉を添えてくれそうです。大きな考えも、まずは短く説明できる形にしてみてください。,考えていることを短く説明する,伝えたい相手をひとり決める,UD3×LP22×owl base variant B
3,22,owl,base,C,ゴールド,今日の「3」の空気は、あなたの構想に人へ届く言葉を見つけてくれそうです。大きな形になる前のひとことにも、未来の種が入っているかもしれません。,構想を一言で書いてみる,誰に届けたいかを残す,UD3×LP22×owl base variant C
3,33,owl,base,A,レインボー,今日の「3」の空気は、あなたの深い優しさをあたたかい表現へ導いてくれそうです。誰かを包む言葉と同じくらい、自分にもやさしい言葉を残してください。,自分へのやさしい言葉を書く,大切な人へ短い言葉を届ける,UD3×LP33×owl base variant A
3,33,owl,base,B,レインボー,今日の「3」の空気は、あなたの深い優しさをあたたかい表現へ導いてくれそうです。誰かを包む言葉と同じくらい、自分にもやさしい言葉を残してください。,自分へのやさしい言葉を書く,大切な人へ短い言葉を届ける,UD3×LP33×owl base variant B
3,33,owl,base,C,レインボー,今日の「3」の空気は、あなたの深い愛にあたたかな言葉の灯りをともしてくれそうです。誰かを照らす言葉と同じように、自分を照らす言葉も大切にしてください。,自分を照らす言葉を書く,大切な人へ届けたい言葉を残す,UD3×LP33×owl base variant C
4,1,owl,base,A,赤,今日の「4」の空気は、あなたの始める力に安心できる土台を添えてくれそうです。勢いだけで進まず、最初の一歩を少し整えてみてください。,始めたいことの手順をひとつ書く,今日やることをひとつ決める,UD4×LP1×owl base variant A
4,1,owl,base,B,赤,今日の「4」の空気は、あなたの行動に落ち着いた準備を添えてくれそうです。勢いで始める前に、最初の手順をひとつ整えてみてください。,始めたいことの手順を書く,今日やることをひとつ決める,UD4×LP1×owl base variant B
4,1,owl,base,C,赤,今日の「4」の空気は、あなたのはじまりに静かな土台を作ってくれそうです。小さく整えた準備が、これからの一歩を支えてくれるかもしれません。,始める前に整えたことを書く,今日の小さな準備を残す,UD4×LP1×owl base variant C
4,2,owl,base,A,白,今日の「4」の空気は、あなたの繋がる力に安心できる距離感をくれそうです。誰かに合わせすぎず、無理なく続く関わり方を選んでみてください。,連絡したい相手をひとり選ぶ,無理のない予定に整える,UD4×LP2×owl base variant A
4,2,owl,base,B,白,今日の「4」の空気は、あなたの繋がる力に安心できる形をくれそうです。無理に合わせず、続けやすい関わり方を選んでみてください。,予定や連絡をひとつ整える,心地よい距離を決めてみる,UD4×LP2×owl base variant B
4,2,owl,base,C,白,今日の「4」の空気は、あなたの繋がりに安心できる輪郭をくれそうです。無理なく続く距離には、静かな優しさが宿っています。,安心できた関わりを書く,心地よい距離感を残す,UD4×LP2×owl base variant C
4,3,owl,base,A,黄色,今日の「4」の空気は、あなたの表現する力を毎日の中に残しやすくしてくれそうです。ひらめいたことを、忘れない形にしてみてください。,浮かんだ言葉をノートに残す,書きかけのものを少し整える,UD4×LP3×owl base variant A
4,3,owl,base,B,黄色,今日の「4」の空気は、あなたの言葉やひらめきを残しやすい形にしてくれそうです。思いついたことを、忘れない場所に置いてみてください。,浮かんだ言葉をノートに残す,書きかけのものを少し整える,UD4×LP3×owl base variant B
4,3,owl,base,C,黄色,今日の「4」の空気は、あなたの表現を日々の中にそっと残してくれそうです。小さく書き留めた言葉が、あとから大切な記録になるかもしれません。,残しておきたい言葉を書く,今日の中の小さな表現を見つける,UD4×LP3×owl base variant C
4,4,owl,base,A,緑,今日の「4」の空気は、あなたのつみ重ねる力をやさしく支えてくれそうです。完璧を目指さなくても、ひとつ整えば十分です。,机や予定を一か所だけ整える,続けたいことを小さく見直す,UD4×LP4×owl base variant A
4,4,owl,base,B,緑,今日の「4」の空気は、あなたの毎日をやさしく整える力をくれそうです。全部を完璧にしなくても、一か所整えば十分です。,机や予定を一か所だけ整える,続けたいことを小さく見直す,UD4×LP4×owl base variant B
4,4,owl,base,C,緑,今日の「4」の空気は、あなたの毎日の中にある静かな力を見せてくれそうです。目立たないつみ重ねも、ちゃんとあなたを支えています。,続けていることを一行書く,今日整えたことを残す,UD4×LP4×owl base variant C
4,5,owl,base,A,青,今日の「4」の空気は、あなたの自由な動きに安心できる足場を作ってくれそうです。思いつきも、少し整えると進みやすくなります。,予定に小さな余白を作る,やりたいことを順番に並べる,UD4×LP5×owl base variant A
4,5,owl,base,B,青,今日の「4」の空気は、あなたの自由な動きに落ち着いた足場を作ってくれそうです。思いついたことも、少し順番を整えると動きやすくなります。,予定に小さな余白を作る,やりたいことを順番に並べる,UD4×LP5×owl base variant B
4,5,owl,base,C,青,今日の「4」の空気は、あなたの自由な心に安心できる足場をくれそうです。風のように動く日々にも、戻れる場所があると少し楽になります。,安心できる場所を思い出す,自由に動けたことを一行残す,UD4×LP5×owl base variant C
4,6,owl,base,A,ピンク,今日の「4」の空気は、あなたの優しさを無理なく続く形に整えてくれそうです。誰かのための予定にも、自分の安心を入れてください。,引き受けていることをひとつ見直す,自分の休む時間を先に決める,UD4×LP6×owl base variant A
4,6,owl,base,B,ピンク,今日の「4」の空気は、あなたの優しさを無理なく続く形に整えてくれそうです。誰かの予定を考える前に、自分の安心も入れてください。,休む時間を先に決める,引き受けていることを見直す,UD4×LP6×owl base variant B
4,6,owl,base,C,ピンク,今日の「4」の空気は、あなたの優しさに続けられる形を見せてくれそうです。無理をしない優しさも、長く残るあたたかさになります。,無理なくできた優しさを書く,自分を休ませたことを残す,UD4×LP6×owl base variant C
4,7,owl,base,A,紺・藍色,今日の「4」の空気は、あなたの深める力に落ち着いた土台をくれそうです。考えていることを、少し整理して見える形にしてみてください。,気になっていることを分類する,考えたことを短くまとめる,UD4×LP7×owl base variant A
4,7,owl,base,B,紺・藍色,今日の「4」の空気は、あなたの考える力に整理のしやすさをくれそうです。頭の中にあることを、少し見える形にしてみてください。,気になっていることを分類する,考えたことを短くまとめる,UD4×LP7×owl base variant B
4,7,owl,base,C,紺・藍色,今日の「4」の空気は、あなたの静かな気づきに落ち着いた置き場所を作ってくれそうです。考えた時間を整えることで、心の輪郭が少し見えてきます。,考えたことを一行にまとめる,心が落ち着いた理由を書く,UD4×LP7×owl base variant C
4,8,owl,base,A,オレンジ・茶色,今日の「4」の空気は、あなたの形にする力を安定した流れへ整えてくれそうです。大きく進めるより、確かな手順をひとつ選んでみてください。,優先順位を3つにしぼる,進めたいことの準備を整える,UD4×LP8×owl base variant A
4,8,owl,base,B,オレンジ・茶色,今日の「4」の空気は、あなたの進める力に確かな手順を添えてくれそうです。大きく動かすより、今日必要な準備をひとつ整えてみてください。,優先順位を3つにしぼる,進めたいことの準備を整える,UD4×LP8×owl base variant B
4,8,owl,base,C,オレンジ・茶色,今日の「4」の空気は、あなたの力に確かな足場を作ってくれそうです。すぐに結果にならなくても、整えた準備は未来の手ごたえにつながります。,今日整えた準備を書く,進むための土台を見直す,UD4×LP8×owl base variant C
4,9,owl,base,A,紫,今日の「4」の空気は、あなたの広く受けとめる力に小さな区切りを作ってくれそうです。全部を抱えず、今の自分に必要な形へ整えてみてください。,抱えていることをひとつ整理する,残すものと休めるものを分ける,UD4×LP9×owl base variant A
4,9,owl,base,B,紫,今日の「4」の空気は、あなたの受けとめる力に小さな区切りを作ってくれそうです。全部を抱えず、今の自分に必要な形へ整えてみてください。,抱えていることをひとつ整理する,残すものと休めるものを分ける,UD4×LP9×owl base variant B
4,9,owl,base,C,紫,今日の「4」の空気は、あなたの広い心にやさしい区切りをくれそうです。抱えていたものを少し整えるだけで、心に静かな場所が生まれるかもしれません。,少し整えた気持ちを書く,心に残すものをひとつ選ぶ,UD4×LP9×owl base variant C
4,11,owl,base,A,シルバー,今日の「4」の空気は、あなたのひらめきを安心して置ける場所へ導いてくれそうです。感じたことを、消えないように小さく残してみてください。,ひらめきをメモにまとめる,静かな場所で予定を整える,UD4×LP11×owl base variant A
4,11,owl,base,B,シルバー,今日の「4」の空気は、あなたのひらめきを安心して置ける場所へ導いてくれそうです。感じたことを、消えないように小さく残してみてください。,ひらめきをメモにまとめる,静かな場所で予定を整える,UD4×LP11×owl base variant B
4,11,owl,base,C,シルバー,今日の「4」の空気は、あなたのひらめきに静かに置ける場所をくれそうです。ふと感じたことを残しておくと、あとから意味が見えてくるかもしれません。,ひらめきを短く残す,静かな場所で気持ちを整える,UD4×LP11×owl base variant C
4,22,owl,base,A,ゴールド,今日の「4」の空気は、あなたの形づくる力に確かな手順を与えてくれそうです。大きな構想も、今日できるひとつの準備から始まります。,構想を小さな手順に分ける,最初に整える場所を決める,UD4×LP22×owl base variant A
4,22,owl,base,B,ゴールド,今日の「4」の空気は、あなたの構想に確かな手順を見せてくれそうです。大きな形も、今日できるひとつの準備から始まります。,構想を小さな手順に分ける,最初に整える場所を決める,UD4×LP22×owl base variant B
4,22,owl,base,C,ゴールド,今日の「4」の空気は、あなたの構想に最初の足場を作ってくれそうです。大きな形になる前の小さな準備にも、十分な価値があります。,構想の土台になることを書く,今日整えた手順を残す,UD4×LP22×owl base variant C
4,33,owl,base,A,レインボー,今日の「4」の空気は、あなたの深い優しさに安心できる形を作ってくれそうです。大切にしたい人と同じように、自分の毎日も整えてください。,自分の安心を先に用意する,続けられる優しさをひとつ選ぶ,UD4×LP33×owl base variant A
4,33,owl,base,B,レインボー,今日の「4」の空気は、あなたの深い優しさに安心できる形を作ってくれそうです。大切な人と同じように、自分の毎日も整えてください。,自分の安心を先に用意する,続けられる優しさをひとつ選ぶ,UD4×LP33×owl base variant B
4,33,owl,base,C,レインボー,今日の「4」の空気は、あなたの深い愛に安心できる居場所を作ってくれそうです。誰かを包む優しさも、自分の毎日が整っていてこそ長くめぐります。,自分の安心を一行で書く,続けたい優しさを残す,UD4×LP33×owl base variant C
5,1,owl,base,A,赤,今日の「5」の空気は、あなたの始める力に新しい風を運んでくれそうです。いつもと少し違う一歩を、軽く試してみてください。,気になることを軽く試してみる,いつもと違う順番で動いてみる,UD5×LP1×owl base variant A
5,1,owl,base,B,赤,今日の「5」の空気は、あなたの行動に新しい選択肢を見せてくれそうです。いつもと少し違うやり方で、気になることを試してみてください。,いつもと違う順番で動いてみる,気になることを軽く試してみる,UD5×LP1×owl base variant B
5,1,owl,base,C,赤,今日の「5」の空気は、あなたのはじまりに新しい風を運んでくれそうです。まだ行き先が決まっていなくても、心が少し動いたことを残してみてください。,心が動いた瞬間を書く,試してみたいことを一行残す,UD5×LP1×owl base variant C
5,2,owl,base,A,白,今日の「5」の空気は、あなたの繋がる力に心地よい自由を添えてくれそうです。誰かに合わせすぎず、自分のペースも大切にしてみてください。,ひとり時間を少し用意する,無理のない返事を選んでみる,UD5×LP2×owl base variant A
5,2,owl,base,B,白,今日の「5」の空気は、あなたの繋がる力に自由な余白をくれそうです。人に合わせすぎず、自分のペースで関われる形を選んでみてください。,ひとり時間を少し用意する,無理のない返事を選んでみる,UD5×LP2×owl base variant B
5,2,owl,base,C,白,今日の「5」の空気は、あなたの繋がりにやさしい余白を作ってくれそうです。近づきすぎず、離れすぎず、自分らしくいられた距離を大切にしてください。,心地よかった距離感を書く,自分のペースを守れたことを残す,UD5×LP2×owl base variant C
5,3,owl,base,A,黄色,今日の「5」の空気は、あなたの表現する力に軽やかな動きをくれそうです。思いついたことを、いつもより自由に出してみてください。,浮かんだ言葉をそのまま書く,楽しい方をひとつ選んでみる,UD5×LP3×owl base variant A
5,3,owl,base,B,黄色,今日の「5」の空気は、あなたの言葉に軽やかな動きをくれそうです。思いついたことを、深く考えすぎずそのまま出してみてください。,浮かんだ言葉をそのまま書く,楽しい方をひとつ選んでみる,UD5×LP3×owl base variant B
5,3,owl,base,C,黄色,今日の「5」の空気は、あなたの表現に軽やかな色を添えてくれそうです。理由はなくても楽しいと感じたことが、今日の大切な記録になります。,楽しいと感じたことを書く,心が軽くなった言葉を残す,UD5×LP3×owl base variant C
5,4,owl,base,A,緑,今日の「5」の空気は、あなたの毎日に小さな風通しを作ってくれそうです。いつもの流れを少し変えるだけで、気持ちが軽くなるかもしれません。,予定の順番を少し変えてみる,習慣に小さな楽しみを足す,UD5×LP4×owl base variant A
5,4,owl,base,B,緑,今日の「5」の空気は、あなたの毎日に小さな風通しを作ってくれそうです。いつもの流れを少し変えるだけで、気持ちが軽くなるかもしれません。,予定の順番を少し変えてみる,習慣に小さな楽しみを足す,UD5×LP4×owl base variant B
5,4,owl,base,C,緑,今日の「5」の空気は、あなたの毎日に小さな風穴を開けてくれそうです。いつもの中に少し違う景色が入るだけで、心が動きやすくなります。,いつもと違ったことを書く,気分が変わった瞬間を残す,UD5×LP4×owl base variant C
5,5,owl,base,A,青,今日の「5」の空気は、あなたの自由な感覚をのびやかに動かしてくれそうです。無理に決め込まず、心が向く方へ少し進んでみてください。,行きたい場所をひとつ選ぶ,気分に合う予定へ整える,UD5×LP5×owl base variant A
5,5,owl,base,B,青,今日の「5」の空気は、あなたの自由な感覚を日常の中でのびやかにしてくれそうです。決めすぎず、心が向く方へ少し動いてみてください。,行きたい場所をひとつ選ぶ,気分に合う予定へ整える,UD5×LP5×owl base variant B
5,5,owl,base,C,青,今日の「5」の空気は、あなたの自由な心をやさしく広げてくれそうです。どこへ行かなくても、心に風が通ったなら、それも大切な自由です。,自由を感じた瞬間を書く,心が向いた方を一行残す,UD5×LP5×owl base variant C
5,6,owl,base,A,ピンク,今日の「5」の空気は、あなたの優しさに少し軽やかな余白をくれそうです。誰かを大切にする時間と、自分の自由も両方置いてみてください。,ひとりでほっとする時間を取る,予定を詰め込みすぎない,UD5×LP6×owl base variant A
5,6,owl,base,B,ピンク,今日の「5」の空気は、あなたの優しさに軽やかな余白をくれそうです。誰かのための時間と、自分の自由も両方置いてみてください。,ひとりでほっとする時間を取る,予定を詰め込みすぎない,UD5×LP6×owl base variant B
5,6,owl,base,C,ピンク,今日の「5」の空気は、あなたの優しさに軽やかな呼吸をくれそうです。誰かを思う気持ちの中に、自分をほどく時間も置いてください。,自分がほっとしたことを書く,やさしさを休ませた時間を残す,UD5×LP6×owl base variant C
5,7,owl,base,A,紺・藍色,今日の「5」の空気は、あなたの深める力に新しい視点を運んでくれそうです。いつもと違う角度から見ることで、気づきが広がるかもしれません。,違う方法で調べてみる,気になる場所を少し変える,UD5×LP7×owl base variant A
5,7,owl,base,B,紺・藍色,今日の「5」の空気は、あなたの考える力に新しい視点を運んでくれそうです。いつもと違う角度から見てみると、気づきが広がるかもしれません。,違う方法で調べてみる,場所や景色を少し変える,UD5×LP7×owl base variant B
5,7,owl,base,C,紺・藍色,今日の「5」の空気は、あなたの静かな気づきに新しい景色を見せてくれそうです。いつもと違う角度から見えたことが、心に残る日かもしれません。,見方が変わったことを書く,新しく気づいたことを残す,UD5×LP7×owl base variant C
5,8,owl,base,A,オレンジ・茶色,今日の「5」の空気は、あなたの進める力に柔らかな動きを添えてくれそうです。予定どおりにこだわりすぎず、動きながら整えてみてください。,進め方をひとつ変えてみる,予定に余白を入れて動く,UD5×LP8×owl base variant A
5,8,owl,base,B,オレンジ・茶色,今日の「5」の空気は、あなたの進める力に柔らかな動きを添えてくれそうです。予定どおりにこだわりすぎず、動きながら整えてみてください。,進め方をひとつ変えてみる,予定に余白を入れて動く,UD5×LP8×owl base variant B
5,8,owl,base,C,オレンジ・茶色,今日の「5」の空気は、あなたの力にしなやかな流れをくれそうです。予定どおりではなかったことも、別の形で進むきっかけになるかもしれません。,予定外によかったことを書く,動きながら整えたことを残す,UD5×LP8×owl base variant C
5,9,owl,base,A,紫,今日の「5」の空気は、あなたの広いまなざしに新しい風を通してくれそうです。抱えていた思いを、少し違う見方で受けとめてみてください。,気持ちを別の言葉で書いてみる,一度外の空気に触れてみる,UD5×LP9×owl base variant A
5,9,owl,base,B,紫,今日の「5」の空気は、あなたの受けとめる力に新しい風を通してくれそうです。抱えていた思いを、少し違う見方で見つめてみてください。,気持ちを別の言葉で書く,一度外の空気に触れてみる,UD5×LP9×owl base variant B
5,9,owl,base,C,紫,今日の「5」の空気は、あなたの広い心にやさしい風を通してくれそうです。抱えていた思いも、少し違う光の中で見ると軽くなるかもしれません。,少し軽く見えたことを書く,違う見方ができたことを残す,UD5×LP9×owl base variant C
5,11,owl,base,A,シルバー,今日の「5」の空気は、あなたのひらめきに自由な広がりをくれそうです。ふと浮かんだ感覚を、決めつけずに泳がせてみてください。,ひらめきをいくつか書き出す,音や景色を変えて過ごす,UD5×LP11×owl base variant A
5,11,owl,base,B,シルバー,今日の「5」の空気は、あなたのひらめきに自由な広がりをくれそうです。ふと浮かんだ感覚を、決めつけずに泳がせてみてください。,ひらめきをいくつか書き出す,音や景色を変えて過ごす,UD5×LP11×owl base variant B
5,11,owl,base,C,シルバー,今日の「5」の空気は、あなたのひらめきに風のような広がりをくれそうです。つかまえきれない感覚も、今日の空気としてそっと残してみてください。,浮かんだ感覚をそのまま書く,印象に残った景色を残す,UD5×LP11×owl base variant C
5,22,owl,base,A,ゴールド,今日の「5」の空気は、あなたの形づくる力に新しい選択肢を見せてくれそうです。大きな構想も、少し風を通すと動きやすくなります。,別の進め方をひとつ考える,構想に余白を入れて見直す,UD5×LP22×owl base variant A
5,22,owl,base,B,ゴールド,今日の「5」の空気は、あなたの構想に新しい選択肢を見せてくれそうです。大きな形も、少し風を通すと動きやすくなります。,別の進め方をひとつ考える,構想に余白を入れて見直す,UD5×LP22×owl base variant B
5,22,owl,base,C,ゴールド,今日の「5」の空気は、あなたの構想に新しい風景を見せてくれそうです。形にする前に少し余白を入れることで、大切な方向が見えてくるかもしれません。,新しく見えた選択肢を書く,構想に足したい余白を残す,UD5×LP22×owl base variant C
5,33,owl,base,A,レインボー,今日の「5」の空気は、あなたの深い優しさに自由な呼吸を思い出させてくれそうです。誰かを包む前に、自分の心にも風を通してあげてください。,自分の自由時間を先に決める,心が軽くなる選択をひとつする,UD5×LP33×owl base variant A
5,33,owl,base,B,レインボー,今日の「5」の空気は、あなたの深い優しさに自由な呼吸を思い出させてくれそうです。誰かを包む前に、自分の心にも風を通してあげてください。,自分の自由時間を先に決める,心が軽くなる選択をひとつする,UD5×LP33×owl base variant B
5,33,owl,base,C,レインボー,今日の「5」の空気は、あなたの深い愛に自由な風を通してくれそうです。包み込む優しさの中にも、自分がのびやかでいられる場所を作ってください。,心がほどけた瞬間を書く,自分に許した自由を残す,UD5×LP33×owl base variant C
6,1,owl,base,A,赤,今日の「6」の空気は、あなたの始める力にあたたかい目的を添えてくれそうです。自分にも誰かにも優しい一歩を選んでみてください。,自分に優しい目標をひとつ決める,大切な人へ短い言葉を届ける,UD6×LP1×owl base variant A
6,1,owl,base,B,赤,今日の「6」の空気は、あなたの行動にやさしい目的を添えてくれそうです。誰かにも自分にもあたたかい一歩を、ひとつ選んでみてください。,自分に優しい目標をひとつ決める,大切な人へ短い言葉を届ける,UD6×LP1×owl base variant B
6,1,owl,base,C,赤,今日の「6」の空気は、あなたのはじまりにあたたかな理由を添えてくれそうです。その一歩が、自分や誰かを少し安心させるものなら、静かに残しておいてください。,優しい一歩を一行で書く,今日始めたい理由を残す,UD6×LP1×owl base variant C
6,2,owl,base,A,白,今日の「6」の空気は、あなたの繋がる力をあたたかく包んでくれそうです。相手を思う気持ちと同じくらい、自分の心も大切にしてください。,無理のない関わり方を選ぶ,自分の気持ちを一行だけ書く,UD6×LP2×owl base variant A
6,2,owl,base,B,白,今日の「6」の空気は、あなたの繋がる力をあたたかく整えてくれそうです。相手を思う分だけ、自分の心も大切にしてください。,無理のない関わり方を選ぶ,自分の気持ちを一行だけ書く,UD6×LP2×owl base variant B
6,2,owl,base,C,白,今日の「6」の空気は、あなたの繋がりにやわらかなぬくもりを運んでくれそうです。誰かを思った時間と同じくらい、自分の心もそっと見つめてください。,大切にしたい関係を書く,自分の気持ちをそっと残す,UD6×LP2×owl base variant C
6,3,owl,base,A,黄色,今日の「6」の空気は、あなたの言葉にやさしい温度を添えてくれそうです。明るく振る舞うより、心から出たひとことを大切にしてみてください。,自分をほめる言葉を書く,誰かにあたたかい一言を送る,UD6×LP3×owl base variant A
6,3,owl,base,B,黄色,今日の「6」の空気は、あなたの言葉にやさしい温度を添えてくれそうです。明るく振る舞うより、心から出たひとことを大切にしてみてください。,自分をほめる言葉を書く,誰かにあたたかい一言を送る,UD6×LP3×owl base variant B
6,3,owl,base,C,黄色,今日の「6」の空気は、あなたの言葉にあたたかな灯りをともしてくれそうです。誰かへ向けたひとことが、自分の心も照らしてくれるかもしれません。,あたたかい言葉を一つ残す,自分にかけたい言葉を書く,UD6×LP3×owl base variant C
6,4,owl,base,A,緑,今日の「6」の空気は、あなたの毎日のつみ重ねにやさしい安心を足してくれそうです。整えることの中に、自分を休ませる時間も入れてみてください。,休む時間を先に予定へ入れる,暮らしの中を一か所だけ整える,UD6×LP4×owl base variant A
6,4,owl,base,B,緑,今日の「6」の空気は、あなたの毎日に安心できるケアを足してくれそうです。整えることの中に、自分を休ませる時間も入れてみてください。,休む時間を先に予定へ入れる,暮らしの中を一か所だけ整える,UD6×LP4×owl base variant B
6,4,owl,base,C,緑,今日の「6」の空気は、あなたの毎日の中に安心できる居場所を作ってくれそうです。整えた暮らしの中に、自分を休ませる余白も置いてください。,安心できた時間を書く,自分を休ませたことを残す,UD6×LP4×owl base variant C
6,5,owl,base,A,青,今日の「6」の空気は、あなたの自由な感覚にあたたかい居場所をくれそうです。動きたい気持ちと、安心できる場所の両方を大切にしてみてください。,安心できる場所で少し休む,心が軽くなる予定をひとつ選ぶ,UD6×LP5×owl base variant A
6,5,owl,base,B,青,今日の「6」の空気は、あなたの自由な感覚にあたたかい居場所をくれそうです。動きたい気持ちと、安心できる場所の両方を大切にしてみてください。,安心できる場所で少し休む,心が軽くなる予定をひとつ選ぶ,UD6×LP5×owl base variant B
6,5,owl,base,C,青,今日の「6」の空気は、あなたの自由な心に帰れる場所を思い出させてくれそうです。どこへ動いても、自分がほっとできる場所を持っていて大丈夫です。,ほっとした場所や時間を書く,心が安心した選択を残す,UD6×LP5×owl base variant C
6,6,owl,base,A,ピンク,今日の「6」の空気は、あなたの優しさを自然にめぐらせてくれそうです。誰かを大切にする前に、自分にも同じ優しさを向けてください。,自分に小さなごほうびを用意する,引き受けすぎていることを見直す,UD6×LP6×owl base variant A
6,6,owl,base,B,ピンク,今日の「6」の空気は、あなたの優しさを日常の中で自然にめぐらせてくれそうです。誰かを大切にする前に、自分にも同じ優しさを向けてください。,自分に小さなごほうびを用意する,引き受けすぎていることを見直す,UD6×LP6×owl base variant B
6,6,owl,base,C,ピンク,今日の「6」の空気は、あなたの優しさを自分の内側にもめぐらせてくれそうです。誰かに向けるあたたかさを、今日は自分にも少し分けてください。,自分に向けた優しさを書く,心があたたまったことを残す,UD6×LP6×owl base variant C
6,7,owl,base,A,紺・藍色,今日の「6」の空気は、あなたの深める力に心をあたためる気づきを運んでくれそうです。考えるだけでなく、自分をいたわる時間も持ってみてください。,心が落ち着く場所で過ごす,気づいたことをやさしく書く,UD6×LP7×owl base variant A
6,7,owl,base,B,紺・藍色,今日の「6」の空気は、あなたの考える力に心をあたためる時間をくれそうです。考えるだけでなく、自分をいたわる時間も持ってみてください。,心が落ち着く場所で過ごす,気づいたことをやさしく書く,UD6×LP7×owl base variant B
6,7,owl,base,C,紺・藍色,今日の「6」の空気は、あなたの静かな気づきにやさしい温度を添えてくれそうです。考えを深める時間の中に、自分をいたわる場所も作ってください。,いたわりたい気持ちを書く,心が落ち着いた理由を残す,UD6×LP7×owl base variant C
6,8,owl,base,A,オレンジ・茶色,今日の「6」の空気は、あなたの形にする力にやさしい目的を添えてくれそうです。成果だけでなく、誰かや自分が安心できる形を選んでみてください。,進めたいことの目的を見直す,自分を休ませる時間を決める,UD6×LP8×owl base variant A
6,8,owl,base,B,オレンジ・茶色,今日の「6」の空気は、あなたの進める力にやさしい目的を添えてくれそうです。成果だけでなく、自分や誰かが安心できる形を選んでみてください。,進めたいことの目的を見直す,自分を休ませる時間を決める,UD6×LP8×owl base variant B
6,8,owl,base,C,オレンジ・茶色,今日の「6」の空気は、あなたの力にあたたかな目的を思い出させてくれそうです。何を形にするかだけでなく、誰が安心できるかにも目を向けてみてください。,安心につながる目的を書く,自分を休ませた時間を残す,UD6×LP8×owl base variant C
6,9,owl,base,A,紫,今日の「6」の空気は、あなたの広く受けとめる力にあたたかい境界線をくれそうです。すべてを抱えず、自分の心が休まる形を選んでください。,抱えていることをひとつ軽くする,自分に優しい選択を書き出す,UD6×LP9×owl base variant A
6,9,owl,base,B,紫,今日の「6」の空気は、あなたの受けとめる力にあたたかい境界線をくれそうです。すべてを抱えず、自分の心が休まる形を選んでください。,抱えていることをひとつ軽くする,自分に優しい選択を書き出す,UD6×LP9×owl base variant B
6,9,owl,base,C,紫,今日の「6」の空気は、あなたの広い心にやさしい境界線を描いてくれそうです。抱えすぎない優しさも、今日のあなたを守る大切な選択です。,守りたい心の範囲を書く,少し軽くしたことを残す,UD6×LP9×owl base variant C
6,11,owl,base,A,シルバー,今日の「6」の空気は、あなたの繊細なひらめきにやさしい居場所を作ってくれそうです。感じたことを急いで形にせず、まずは静かに受けとめてみてください。,感じたことを短くメモする,音や情報を少し減らす,UD6×LP11×owl base variant A
6,11,owl,base,B,シルバー,今日の「6」の空気は、あなたのひらめきにやさしい居場所を作ってくれそうです。感じたことを急いで形にせず、まずは静かに受けとめてみてください。,感じたことを短くメモする,音や情報を少し減らす,UD6×LP11×owl base variant B
6,11,owl,base,C,シルバー,今日の「6」の空気は、あなたの繊細な感覚にあたたかな受け皿を作ってくれそうです。ふと感じたことを、急がず自分の中でやさしく包んでみてください。,感じたことを静かに書く,心が安心した瞬間を残す,UD6×LP11×owl base variant C
6,22,owl,base,A,ゴールド,今日の「6」の空気は、あなたの形づくる力に人を思うあたたかさを添えてくれそうです。大きな構想にも、自分が無理なく続けられる優しさを入れてください。,構想に休む余白を入れる,誰の安心につながるか考える,UD6×LP22×owl base variant A
6,22,owl,base,B,ゴールド,今日の「6」の空気は、あなたの構想に人を思うあたたかさを添えてくれそうです。大きな形にも、自分が無理なく続けられる優しさを入れてください。,構想に休む余白を入れる,誰の安心につながるか考える,UD6×LP22×owl base variant B
6,22,owl,base,C,ゴールド,今日の「6」の空気は、あなたの構想に人を思うぬくもりを加えてくれそうです。大きな形の中にも、自分や誰かが休める場所を作ってください。,構想の中の優しさを書く,安心を入れたい場所を残す,UD6×LP22×owl base variant C
6,33,owl,base,A,レインボー,今日の「6」の空気は、あなたの深い愛をやさしくめぐらせてくれそうです。包み込む力がある日ほど、自分の心にも居場所を作ってください。LJD 個別ページコメント,自分を満たす時間を先に取る,優しさを向ける範囲を決める,UD6×LP33×owl base variant A
6,33,owl,base,B,レインボー,今日の「6」の空気は、あなたの深い愛を日常の中でやさしくめぐらせてくれそうです。包み込む力がある日ほど、自分の心にも居場所を作ってください。,自分を満たす時間を先に取る,優しさを向ける範囲を決める,UD6×LP33×owl base variant B
6,33,owl,base,C,レインボー,今日の「6」の空気は、あなたの深い愛にやさしいめぐりを作ってくれそうです。包み込むだけでなく、自分へ戻ってくるあたたかさも受け取ってください。,受け取った優しさを書く,自分に戻した愛を一行残す,UD6×LP33×owl base variant C
7,1,owl,base,A,赤,今日の「7」の空気は、あなたの始める力に深く考える時間をくれそうです。すぐに動かなくても、なぜ始めたいのかを見つめてみてください。,始めたい理由を一行で書く,気になることを少し調べてみる,UD7×LP1×owl base variant A
7,1,owl,base,B,赤,今日の「7」の空気は、あなたの行動に少し立ち止まる時間をくれそうです。すぐに始める前に、なぜやりたいのかを一度見つめてみてください。,始めたい理由を一行で書く,気になることを少し調べる,UD7×LP1×owl base variant B
7,1,owl,base,C,赤,今日の「7」の空気は、あなたのはじまりに静かな問いを置いてくれそうです。まだ動き出す前の理由を見つめる時間も、大切な一歩になります。,始めたい理由を残す,心に浮かんだ問いを書く,UD7×LP1×owl base variant C
7,2,owl,base,A,白,今日の「7」の空気は、あなたの繋がる力に静かな気づきを運んでくれそうです。誰かの気持ちだけでなく、自分の本音にも耳を向けてみてください。,自分の本音を一行だけ書く,心に残った会話を振り返る,UD7×LP2×owl base variant A
7,2,owl,base,B,白,今日の「7」の空気は、あなたの繋がる力に静かな確認をくれそうです。誰かの気持ちだけでなく、自分の本音にも耳を向けてみてください。,自分の本音を一行だけ書く,心に残った会話を振り返る,UD7×LP2×owl base variant B
7,2,owl,base,C,白,今日の「7」の空気は、あなたの繋がりに内側を見つめる時間をくれそうです。誰かとの間で感じた小さな違和感も、心からの大切な知らせかもしれません。,心に残った違和感を書く,自分の本音をそっと残す,UD7×LP2×owl base variant C
7,3,owl,base,A,黄色,今日の「7」の空気は、あなたの表現する力に深みを添えてくれそうです。明るく見せるより、心に残ったことを丁寧に言葉にしてみてください。,心に残った言葉を書き出す,感じた理由を少し考えてみる,UD7×LP3×owl base variant A
7,3,owl,base,B,黄色,今日の「7」の空気は、あなたの言葉に深く見つめる時間をくれそうです。明るく見せるより、心に残ったことを丁寧に言葉にしてみてください。,心に残った言葉を書き出す,感じた理由を少し考える,UD7×LP3×owl base variant B
7,3,owl,base,C,黄色,今日の「7」の空気は、あなたの表現に静かな深みを添えてくれそうです。明るい言葉の奥にある本当の気持ちも、そっと記録してみてください。,言葉の奥にある気持ちを書く,心に残った理由を残す,UD7×LP3×owl base variant C
7,4,owl,base,A,緑,今日の「7」の空気は、あなたのつみ重ねる力に見直しの時間をくれそうです。いつもの習慣の中に、今の自分に合う形を探してみてください。,続けていることをひとつ見直す,今の自分に合う形を考える,UD7×LP4×owl base variant A
7,4,owl,base,B,緑,今日の「7」の空気は、あなたの毎日に見直しの時間をくれそうです。いつもの習慣の中から、今の自分に合う形を探してみてください。,続けていることをひとつ見直す,今の自分に合う形を考える,UD7×LP4×owl base variant B
7,4,owl,base,C,緑,今日の「7」の空気は、あなたの毎日の中に見直したい小さな声を届けてくれそうです。続けてきたことを振り返る時間が、次の安心につながります。,続けてきたことを振り返る,今の自分に合う形を書く,UD7×LP4×owl base variant C
7,5,owl,base,A,青,今日の「7」の空気は、あなたの自由な感覚に静かな問いを投げかけてくれそうです。動き回る前に、心が本当に向かう場所を見つめてみてください。,行きたい理由を少し考える,情報を減らして過ごす時間を作る,UD7×LP5×owl base variant A
7,5,owl,base,B,青,今日の「7」の空気は、あなたの自由な動きに静かな問いを添えてくれそうです。動き回る前に、心が本当に向かう場所を見つめてみてください。,行きたい理由を少し考える,情報を減らす時間を作る,UD7×LP5×owl base variant B
7,5,owl,base,C,青,今日の「7」の空気は、あなたの自由な心に静かな方向を見せてくれそうです。たくさんの選択肢の中で、心が本当に向かう場所を見つめてみてください。,本当に向かいたい場所を書く,心が選びたいものを残す,UD7×LP5×owl base variant C
7,6,owl,base,A,ピンク,今日の「7」の空気は、あなたの優しさに深い気づきを運んでくれそうです。誰かを思う気持ちの奥にある、自分の願いにも目を向けてみてください。,自分の願いを一行だけ書く,静かに休める時間を取る,UD7×LP6×owl base variant A
7,6,owl,base,B,ピンク,今日の「7」の空気は、あなたの優しさに深い気づきを運んでくれそうです。誰かを思う気持ちの奥にある、自分の願いにも目を向けてみてください。,自分の願いを一行だけ書く,静かに休める時間を取る,UD7×LP6×owl base variant B
7,6,owl,base,C,ピンク,今日の「7」の空気は、あなたの優しさに奥にある願いを見せてくれそうです。誰かを思う気持ちの中に、自分が望んでいたぬくもりもあるかもしれません。,自分の願いを一行残す,優しさの奥にある気持ちを書く,UD7×LP6×owl base variant C
7,7,owl,base,A,紺・藍色,今日の「7」の空気は、あなたの深める力をそっと支えてくれそうです。答えを急がず、気になっていることを丁寧に見つめてみてください。,気になることを少し調べる,考えたことを短くまとめる,UD7×LP7×owl base variant A
7,7,owl,base,B,紺・藍色,今日の「7」の空気は、あなたの深める力を日常の中でそっと支えてくれそうです。答えを急がず、気になっていることを丁寧に見つめてみてください。,気になることを少し調べる,考えたことを短くまとめる,UD7×LP7×owl base variant B
7,7,owl,base,C,紺・藍色,今日の「7」の空気は、あなたの静かな気づきをさらに深い場所へ案内してくれそうです。答えにならない思いも、今日の心を照らす記録になります。,答えにならない思いを書く,心に残った気づきを残す,UD7×LP7×owl base variant C
7,8,owl,base,A,オレンジ・茶色,今日の「7」の空気は、あなたの進める力に立ち止まる知恵を添えてくれそうです。動く前に、本当に大切にしたい目的を見直してみてください。,進めたい理由を見直す,大切な目的を一行で書く,UD7×LP8×owl base variant A
7,8,owl,base,B,オレンジ・茶色,今日の「7」の空気は、あなたの進める力に立ち止まる知恵を添えてくれそうです。動く前に、本当に大切にしたい目的を見直してみてください。,進めたい理由を見直す,大切な目的を一行で書く,UD7×LP8×owl base variant B
7,8,owl,base,C,オレンジ・茶色,今日の「7」の空気は、あなたの力に目的を見つめ直す静けさをくれそうです。形にする前に、何を大切にしたいのかをそっと確かめてみてください。,大切にしたい目的を書く,進めたい理由を残す,UD7×LP8×owl base variant C
7,9,owl,base,A,紫,今日の「7」の空気は、あなたの広く受けとめる力に静かな整理の時間をくれそうです。抱えていた思いを、急がず少しずつ見つめてみてください。,心に残ることを一つ書く,抱えている思いを少し整理する,UD7×LP9×owl base variant A
7,9,owl,base,B,紫,今日の「7」の空気は、あなたの受けとめる力に静かな整理の時間をくれそうです。抱えていた思いを、急がず少しずつ見つめてみてください。,心に残ることを一つ書く,抱えている思いを少し整理する,UD7×LP9×owl base variant B
7,9,owl,base,C,紫,今日の「7」の空気は、あなたの広い心に静かな整理の場所を作ってくれそうです。抱えてきた思いを急いで答えにせず、今日の心のまま残してみてください。,今日の心のまま書く,整理しきれない思いを残す,UD7×LP9×owl base variant C
7,11,owl,base,A,シルバー,今日の「7」の空気は、あなたのひらめきに深く向き合う時間をくれそうです。ふと感じたことを流さず、静かにたどってみてください。,浮かんだ感覚をメモする,静かな場所で少し考える,UD7×LP11×owl base variant A
7,11,owl,base,B,シルバー,今日の「7」の空気は、あなたのひらめきに深く向き合う時間をくれそうです。ふと感じたことを流さず、静かにたどってみてください。,浮かんだ感覚をメモする,静かな場所で少し考える,UD7×LP11×owl base variant B
7,11,owl,base,C,シルバー,今日の「7」の空気は、あなたのひらめきに深い静けさを添えてくれそうです。ふと浮かんだ感覚の奥に、今のあなたへの小さなヒントがあるかもしれません。,ひらめきの奥にある気持ちを書く,印象に残った感覚を残す,UD7×LP11×owl base variant C
7,22,owl,base,A,ゴールド,今日の「7」の空気は、あなたの形づくる力に本質を見つめる時間をくれそうです。大きな構想ほど、なぜ形にしたいのかを確かめてみてください。,構想の目的を一行で書く,本当に大切な部分を見直す,UD7×LP22×owl base variant A
7,22,owl,base,B,ゴールド,今日の「7」の空気は、あなたの構想に本質を見つめる時間をくれそうです。大きな形ほど、なぜ形にしたいのかを確かめてみてください。,構想の目的を一行で書く,本当に大切な部分を見直す,UD7×LP22×owl base variant B
7,22,owl,base,C,ゴールド,今日の「7」の空気は、あなたの構想に本質を見つめる灯りをくれそうです。大きな形を急がず、その中心にある思いを確かめてみてください。,構想の中心にある思いを書く,大切にしたい軸を残す,UD7×LP22×owl base variant C
7,33,owl,base,A,レインボー,今日の「7」の空気は、あなたの深い愛に静かな気づきを運んでくれそうです。誰かを包む前に、自分の心の奥にもそっと目を向けてください。,自分の心の声を一行書く,静かに休める時間を作る,UD7×LP33×owl base variant A
7,33,owl,base,B,レインボー,今日の「7」の空気は、あなたの深い愛に静かな気づきを運んでくれそうです。誰かを包む前に、自分の心の奥にもそっと目を向けてください。,自分の心の声を一行書く,静かに休める時間を作る,UD7×LP33×owl base variant B
7,33,owl,base,C,レインボー,今日の「7」の空気は、あなたの深い愛に心の奥を見つめる時間をくれそうです。誰かのために向けた優しさの奥で、自分が何を感じていたのかも大切にしてください。,優しさの奥の気持ちを書く,自分の心の声を残す,UD7×LP33×owl base variant C
8,1,owl,base,A,赤,今日の「8」の空気は、あなたの始める力を現実の一歩へつなげてくれそうです。大きく進めなくても、まずはひとつ形にしてみてください。,気になっていたことをひとつ始める,今日の目標を短く書いてみる,UD8×LP1×owl base variant A
8,1,owl,base,B,赤,今日の「8」の空気は、あなたの行動に形にする力を添えてくれそうです。気になっていたことを、今日できる一歩へ移してみてください。,気になっていたことをひとつ始める,今日の目標を短く書いてみる,UD8×LP1×owl base variant B
8,1,owl,base,C,赤,今日の「8」の空気は、あなたのはじまりに小さな形を与えてくれそうです。まだ大きな成果でなくても、今日動いた一歩はちゃんと残ります。,今日始めたことを一行書く,小さく形にしたことを残す,UD8×LP1×owl base variant C
8,2,owl,base,A,白,今日の「8」の空気は、あなたの繋がる力を安心できる形へ整えてくれそうです。無理に合わせすぎず、心地よい関わり方を選んでみてください。,気になっていた連絡を整える,自分の感じたことをやさしく伝える,UD8×LP2×owl base variant A
8,2,owl,base,B,白,今日の「8」の空気は、あなたの繋がる力を安心できる形へ整えてくれそうです。気持ちを抱えたままにせず、やさしく伝える形を選んでみてください。,気になっていた連絡を整える,感じたことをやさしく伝える,UD8×LP2×owl base variant B
8,2,owl,base,C,白,今日の「8」の空気は、あなたの繋がりに安心できる形を見せてくれそうです。やさしい気持ちをどう届けるか、その形を選んだことも大切な記録です。,届けたかった気持ちを書く,心地よい関わり方を残す,UD8×LP2×owl base variant C
8,3,owl,base,A,黄色,今日の「8」の空気は、あなたの表現する力を小さな形にしやすくしてくれそうです。思いついた言葉やひらめきを、外へ出してみてください。,浮かんだ言葉をメモに残す,小さな発信やひとことを書いてみる,UD8×LP3×owl base variant A
8,3,owl,base,B,黄色,今日の「8」の空気は、あなたの言葉やひらめきを見える形にしやすくしてくれそうです。思いついたことを、メモや短い発信にして残してみてください。,浮かんだ言葉をメモに残す,小さな発信やひとことを書く,UD8×LP3×owl base variant B
8,3,owl,base,C,黄色,今日の「8」の空気は、あなたの表現に小さな輪郭をくれそうです。ふと浮かんだ言葉も、書き留めることで今日の形になります。,形にした言葉を残す,心に浮かんだ表現を書く,UD8×LP3×owl base variant C
8,4,owl,base,A,緑,今日の「8」の空気は、あなたのつみ重ねる力に確かな手ごたえをくれそうです。完璧でなくても、ひとつ整えたことが前に進む力になります。,机や予定を一か所だけ整える,今日やることを3つにしぼる,UD8×LP4×owl base variant A
8,4,owl,base,B,緑,今日の「8」の空気は、あなたの毎日に確かな手ごたえをくれそうです。完璧でなくても、ひとつ整えたことが今日の前進になります。,机や予定を一か所だけ整える,今日やることを3つにしぼる,UD8×LP4×owl base variant B
8,4,owl,base,C,緑,今日の「8」の空気は、あなたの毎日の中に確かな手ごたえを見つけてくれそうです。目立たない一歩も、積み重なればあなたを支える力になります。,今日整えたことを書く,小さな手ごたえを一行残す,UD8×LP4×owl base variant C
8,5,owl,base,A,青,今日の「8」の空気は、あなたの自由な感覚を形ある一歩へつなげてくれそうです。小さな変化を、今日の行動にひとつ入れてみてください。,いつもと違う順番で動いてみる,予定に小さな余白を作る,UD8×LP5×owl base variant A
8,5,owl,base,B,青,今日の「8」の空気は、あなたの自由な感覚を今日の行動へつなげてくれそうです。思いついた小さな変化を、ひとつ実際に試してみてください。,いつもと違う順番で動いてみる,予定に小さな余白を作る,UD8×LP5×owl base variant B
8,5,owl,base,C,青,今日の「8」の空気は、あなたの自由な心に形へ向かう流れをくれそうです。風のような思いつきも、ひとつ動かすことで未来の入口になります。,動かしてみたことを書く,小さな変化の手ごたえを残す,UD8×LP5×owl base variant C
8,6,owl,base,A,ピンク,今日の「8」の空気は、あなたの優しさを無理なく続く形へ整えてくれそうです。誰かのためだけでなく、自分にも手をかけてください。,自分にも小さなごほうびを用意する,引き受けていることをひとつ見直す,UD8×LP6×owl base variant A
8,6,owl,base,B,ピンク,今日の「8」の空気は、あなたの優しさを無理なく続く形へ整えてくれそうです。誰かのために動く前に、自分にも手をかけてください。,自分にも小さなごほうびを用意する,引き受けていることをひとつ見直す,UD8×LP6×owl base variant B
8,6,owl,base,C,ピンク,今日の「8」の空気は、あなたの優しさに続いていく形を見せてくれそうです。無理をしない形で向けた優しさは、あとからも残るあたたかさになります。,無理なくできた優しさを書く,自分にも手をかけたことを残す,UD8×LP6×owl base variant C
8,7,owl,base,A,紺・藍色,今日の「8」の空気は、あなたの深める力を現実の一歩へ近づけてくれそうです。答えが全部出ていなくても、気づいたことを少し動かしてみてください。,気づいたことをひとつ行動にする,違和感を一行だけメモする,UD8×LP7×owl base variant A
8,7,owl,base,B,紺・藍色,今日の「8」の空気は、あなたの気づきを現実の一歩へ近づけてくれそうです。考えたことを、そのままにせず小さく動かしてみてください。,気づいたことをひとつ行動にする,違和感を一行だけメモする,UD8×LP7×owl base variant B
8,7,owl,base,C,紺・藍色,今日の「8」の空気は、あなたの静かな気づきに現実へつながる道を見せてくれそうです。考えたことを少し動かした記録が、次の気づきにつながります。,気づきを行動にしたことを書く,違和感から見えたことを残す,UD8×LP7×owl base variant C
8,8,owl,base,A,オレンジ・茶色,今日の「8」の空気は、あなたの力をやさしく整え、形にする流れをくれそうです。大きな成果より、確かな一歩を大切にしてみてください。,進めたいことをひとつ実行する,優先順位を3つにしぼる,UD8×LP8×owl base variant A
8,8,owl,base,B,オレンジ・茶色,今日の「8」の空気は、あなたの進める力をやさしく整えてくれそうです。大きな成果より、今日ひとつ実行できたことを大切にしてください。,進めたいことをひとつ実行する,優先順位を3つにしぼる,UD8×LP8×owl base variant B
8,8,owl,base,C,オレンジ・茶色,今日の「8」の空気は、あなたの中にある力をやさしく形にしてくれそうです。大きな結果より、今日の小さな手ごたえを忘れずに残してください。,手ごたえを感じたことを書く,進めた一歩を一行残す,UD8×LP8×owl base variant C
8,9,owl,base,A,紫,今日の「8」の空気は、あなたの広く受けとめる力に小さな輪郭をくれそうです。すべてを抱えず、今できることをひとつ選んでみてください。,引き受ける範囲をひとつ決める,自分の気持ちだけを三つ書く,UD8×LP9×owl base variant A
8,9,owl,base,B,紫,今日の「8」の空気は、あなたの受けとめる力に小さな輪郭をくれそうです。全部を抱えず、今できることをひとつ選んで形にしてみてください。,引き受ける範囲をひとつ決める,自分の気持ちだけを三つ書く,UD8×LP9×owl base variant B
8,9,owl,base,C,紫,今日の「8」の空気は、あなたの広い心にやさしい輪郭を描いてくれそうです。すべてを抱えるのではなく、今できる形を選んだことを大切にしてください。,選んだ範囲を一行で書く,今できたことを残す,UD8×LP9×owl base variant C
8,11,owl,base,A,シルバー,今日の「8」の空気は、あなたのひらめきを小さな形へ導いてくれそうです。うまく説明できなくても、感じたことをまず残してみてください。,ひらめきをひとつメモする,音や情報を少し減らす,UD8×LP11×owl base variant A
8,11,owl,base,B,シルバー,今日の「8」の空気は、あなたのひらめきを小さな形へ導いてくれそうです。うまく説明できなくても、感じたことをまず残してみてください。,ひらめきをひとつメモする,音や情報を少し減らす,UD8×LP11×owl base variant B
8,11,owl,base,C,シルバー,今日の「8」の空気は、あなたのひらめきに小さな器を作ってくれそうです。見えない感覚も、そっと残すことで未来の形につながるかもしれません。,ひらめきを短く残す,未来につながりそうな感覚を書く,UD8×LP11×owl base variant C
8,22,owl,base,A,ゴールド,今日の「8」の空気は、あなたの形づくる力を今日できる一歩へ分けてくれそうです。全部を背負わず、ひとつだけ形にしてみてください。,大きな予定をひとつ細分化する,手順や役割をひとつ整える,UD8×LP22×owl base variant A
8,22,owl,base,B,ゴールド,今日の「8」の空気は、あなたの構想を今日できる一歩へ分けてくれそうです。全部を背負わず、ひとつだけ形にするところから始めてみてください。,大きな予定をひとつ細分化する,手順や役割をひとつ整える,UD8×LP22×owl base variant B
8,22,owl,base,C,ゴールド,今日の「8」の空気は、あなたの構想に今日できる形を見せてくれそうです。大きなものを一度に背負わず、小さく分けた一歩を残してみてください。,今日形にした一歩を書く,構想を分けた手順を残す,UD8×LP22×owl base variant C
8,33,owl,base,A,レインボー,今日の「8」の空気は、あなたの深い愛を無理のない形へ整えてくれそうです。包む前に、自分の心にも居場所を作ってください。,自分を満たす時間を先に取る,優しさを向ける相手をひとつ選ぶ,UD8×LP33×owl base variant A
8,33,owl,base,B,レインボー,今日の「8」の空気は、あなたの深い愛を無理のない形へ整えてくれそうです。包み込む前に、自分の心にも居場所を作ってください。,自分を満たす時間を先に取る,優しさを向ける相手をひとつ選ぶ,UD8×LP33×owl base variant B
8,33,owl,base,C,レインボー,今日の「8」の空気は、あなたの深い愛に無理のない形を与えてくれそうです。誰かを包む力も、自分の心に居場所があるとやさしくめぐります。,自分に作った居場所を書く,やさしさを形にしたことを残す,UD8×LP33×owl base variant C
9,1,owl,base,A,赤,今日の「9」の空気は、あなたの始める力に少し整理する時間をくれそうです。新しく進む前に、今の自分に必要な一歩を選んでみてください。,始めたいことをひとつにしぼる,今は休めることをひとつ決める,UD9×LP1×owl base variant A
9,1,owl,base,B,赤,今日の「9」の空気は、あなたの行動に整理する時間をくれそうです。新しく進む前に、今必要な一歩だけを選んでみてください。,始めたいことをひとつにしぼる,今は休めることをひとつ決める,UD9×LP1×owl base variant B
9,1,owl,base,C,赤,今日の「9」の空気は、あなたのはじまりにやさしい整理の時間をくれそうです。新しく進む前に、これから大切にしたいものをそっと選んでみてください。,これから大切にしたいことを書く,今日選んだ一歩を残す,UD9×LP1×owl base variant C
9,2,owl,base,A,白,今日の「9」の空気は、あなたの繋がる力にやさしい見直しをくれそうです。誰かを大切にしながら、自分の心も置き去りにしないでください。,無理な約束をひとつ見直す,自分の気持ちを一行だけ書く,UD9×LP2×owl base variant A
9,2,owl,base,B,白,今日の「9」の空気は、あなたの繋がる力にやさしい見直しをくれそうです。誰かを大切にしながら、自分の心も置き去りにしないでください。,無理な約束をひとつ見直す,自分の気持ちを一行だけ書く,UD9×LP2×owl base variant B
9,2,owl,base,C,白,今日の「9」の空気は、あなたの繋がりに静かな見直しを運んでくれそうです。大切にしたい関係ほど、自分の心も一緒に大切にしていいものです。,大切にしたい距離感を書く,自分の心に残ったことを残す,UD9×LP2×owl base variant C
9,3,owl,base,A,黄色,今日の「9」の空気は、あなたの表現する力にやわらかな整理を運んでくれそうです。言いきれなかった気持ちも、今日の言葉として残してみてください。,言えなかった気持ちをメモする,心に残った出来事を短く書く,UD9×LP3×owl base variant A
9,3,owl,base,B,黄色,今日の「9」の空気は、あなたの言葉にやわらかな整理を運んでくれそうです。言いきれなかった気持ちも、短く書けば今日の記録になります。,言えなかった気持ちをメモする,心に残った出来事を短く書く,UD9×LP3×owl base variant B
9,3,owl,base,C,黄色,今日の「9」の空気は、あなたの表現にやわらかな余白をくれそうです。うまく言えなかった気持ちも、今日の言葉としてそっと残してみてください。,言葉になりかけた気持ちを書く,心に残ったひとことを残す,UD9×LP3×owl base variant C
9,4,owl,base,A,緑,今日の「9」の空気は、あなたのつみ重ねる力に見直しの余白をくれそうです。続けてきたことの中から、今の自分に合う形を選び直してみてください。,続けていることをひとつ見直す,休める予定をひとつ決める,UD9×LP4×owl base variant A
9,4,owl,base,B,緑,今日の「9」の空気は、あなたの毎日に見直しの余白をくれそうです。続けてきたことの中から、今の自分に合う形を選び直してみてください。,続けていることをひとつ見直す,休める予定をひとつ決める,UD9×LP4×owl base variant B
9,4,owl,base,C,緑,今日の「9」の空気は、あなたの毎日にやさしい区切りを作ってくれそうです。続けてきたことの中にも、少し休ませていいものがあるかもしれません。,休ませたいことを一つ書く,続けたいものを選び直す,UD9×LP4×owl base variant C
9,5,owl,base,A,青,今日の「9」の空気は、あなたの自由な感覚に少し整理する風を運んでくれそうです。広がった選択肢の中から、今の自分に合うものを選んでみてください。,選択肢を三つだけ書き出す,今いらない予定をひとつ休める,UD9×LP5×owl base variant A
9,5,owl,base,B,青,今日の「9」の空気は、あなたの自由な感覚に整理する風を運んでくれそうです。広がった選択肢の中から、今の自分に合うものを選んでみてください。,選択肢を三つだけ書き出す,今いらない予定をひとつ休める,UD9×LP5×owl base variant B
9,5,owl,base,C,青,今日の「9」の空気は、あなたの自由な心に選び直す静けさをくれそうです。たくさんの可能性の中から、今の自分に残したいものを見つめてみてください。,今残したい選択肢を書く,少し軽くなったことを残す,UD9×LP5×owl base variant C
9,6,owl,base,A,ピンク,今日の「9」の空気は、あなたの優しさにあたたかい区切りをくれそうです。誰かのために抱えてきたものを、少し軽くしても大丈夫です。,引き受けていることをひとつ見直す,自分に優しい選択を書き出す,UD9×LP6×owl base variant A
9,6,owl,base,B,ピンク,今日の「9」の空気は、あなたの優しさにあたたかい区切りをくれそうです。誰かのために抱えてきたものを、少し軽くしても大丈夫です。,引き受けていることをひとつ見直す,自分に優しい選択を書き出す,UD9×LP6×owl base variant B
9,6,owl,base,C,ピンク,今日の「9」の空気は、あなたの優しさにあたたかな区切りを見せてくれそうです。誰かを思ってきた時間の中に、自分を休ませる場所も作ってください。,自分を休ませる言葉を書く,少し手放せた気持ちを残す,UD9×LP6×owl base variant C
9,7,owl,base,A,紺・藍色,今日の「9」の空気は、あなたの深める力に静かな整理の時間をくれそうです。考えてきたことを、ひとつの気づきとして残してみてください。,考えたことを一行にまとめる,今の答えを急がず書き残す,UD9×LP7×owl base variant A
9,7,owl,base,B,紺・藍色,今日の「9」の空気は、あなたの考える力に静かな整理の時間をくれそうです。考えてきたことを、ひとつの気づきとして残してみてください。,考えたことを一行にまとめる,今の答えを急がず書き残す,UD9×LP7×owl base variant B
9,7,owl,base,C,紺・藍色,今日の「9」の空気は、あなたの静かな気づきにひとつの余韻を残してくれそうです。答えにならなかった思いも、今のあなたを映す大切な記録です。,答えにならない思いを書く,心に残った気づきを残す,UD9×LP7×owl base variant C
9,8,owl,base,A,オレンジ・茶色,今日の「9」の空気は、あなたの進める力に見直しの視点をくれそうです。形にする前に、今ほんとうに大切なことを選んでみてください。,優先順位を見直す,続けることと休めることを分ける,UD9×LP8×owl base variant A
9,8,owl,base,B,オレンジ・茶色,今日の「9」の空気は、あなたの進める力に見直しの視点をくれそうです。形にする前に、今ほんとうに大切なことを選んでみてください。,優先順位を見直す,続けることと休めることを分ける,UD9×LP8×owl base variant B
9,8,owl,base,C,オレンジ・茶色,今日の「9」の空気は、あなたの力に見直しの余白を作ってくれそうです。進めることだけでなく、残すものを選ぶことも大切な力です。,残したい目的を書く,今は休めることを選ぶ,UD9×LP8×owl base variant C
9,9,owl,base,A,紫,今日の「9」の空気は、あなたの受けとめる力をやさしく整えてくれそうです。すべてを抱えず、心に残したいものをひとつ選んでみてください。,残したい気持ちを一行で書く,抱えていることを少し軽くする,UD9×LP9×owl base variant A
9,9,owl,base,B,紫,今日の「9」の空気は、あなたの受けとめる力をやさしく整えてくれそうです。すべてを抱えず、心に残したいものをひとつ選んでみてください。,残したい気持ちを一行で書く,抱えていることを少し軽くする,UD9×LP9×owl base variant B
9,9,owl,base,C,紫,今日の「9」の空気は、あなたの広い心に静かな整理の場所を作ってくれそうです。すべてを答えにしなくても、心に残ったものから少しずつ整えてみてください。,心に残ったものを書く,今の自分に必要なものを選ぶ,UD9×LP9×owl base variant C
9,11,owl,base,A,シルバー,今日の「9」の空気は、あなたのひらめきにやさしい余白をくれそうです。感じたことを全部答えにせず、心に残るものだけをそっと拾ってみてください。,印象に残った感覚をメモする,音や情報を少し減らす,UD9×LP11×owl base variant A
9,11,owl,base,B,シルバー,今日の「9」の空気は、あなたのひらめきにやさしい余白をくれそうです。感じたことを全部答えにせず、心に残るものだけを拾ってみてください。,印象に残った感覚をメモする,音や情報を少し減らす,UD9×LP11×owl base variant B
9,11,owl,base,C,シルバー,今日の「9」の空気は、あなたのひらめきにやさしい余韻を残してくれそうです。ふと感じたことを急いで形にせず、心に残る光だけをそっと拾ってみてください。,心に残る感覚を書く,拾っておきたいひらめきを残す,UD9×LP11×owl base variant C
9,22,owl,base,A,ゴールド,今日の「9」の空気は、あなたの形づくる力に見直しの時間をくれそうです。大きな構想の中から、今残したい芯をひとつ選んでみてください。,構想の大切な部分を見直す,今は休める手順をひとつ決める,UD9×LP22×owl base variant A
9,22,owl,base,B,ゴールド,今日の「9」の空気は、あなたの構想に見直しの時間をくれそうです。大きな形の中から、今残したい芯をひとつ選んでみてください。,構想の大切な部分を見直す,今は休める手順をひとつ決める,UD9×LP22×owl base variant B
9,22,owl,base,C,ゴールド,今日の「9」の空気は、あなたの構想に静かな選び直しをくれそうです。大きな形を急がず、中心に残したい思いを確かめてみてください。,構想の中心にある思いを書く,今残したい手順を選ぶ,UD9×LP22×owl base variant C
9,33,owl,base,A,レインボー,今日の「9」の空気は、あなたの深い愛にやさしい境界線をくれそうです。すべてを包もうとせず、自分の心に残すものを選んでください。,自分の心を守る選択を書く,優しさを向ける範囲を見直す,UD9×LP33×owl base variant A
9,33,owl,base,B,レインボー,今日の「9」の空気は、あなたの深い愛にやさしい境界線をくれそうです。すべてを包もうとせず、自分の心に残すものを選んでください。,自分の心を守る選択を書く,優しさを向ける範囲を見直す,UD9×LP33×owl base variant B
9,33,owl,base,C,レインボー,今日の「9」の空気は、あなたの深い愛にやさしい余白を作ってくれそうです。包み込むだけでなく、自分の心に残すものを選ぶことも、愛の一つの形です。,自分の心に残したいものを書く,優しさの向け先を選び直す,UD9×LP33×owl base variant C
