No.,テンプレートID,活動カテゴリ（DiaryActionCategory）,パーソナルデイ,現在の文言,変数,表示位置,備考
1,anxious_1_a,anxious,1,前へ進もうとする時ほど、見えない部分が気になりやすくなります。その感覚は、新しい流れに入ろうとしているサインかもしれません。,なし,前半（ベース本文）,generateDiaryReading のベース本文（末尾アクセントの前）
2,anxious_2_a,anxious,2,周りの空気や人の言葉を受け取りすぎて、心が落ち着きにくかったかもしれません。少し距離を取ることで、自分の感覚が戻ってきます。,なし,前半（ベース本文）,generateDiaryReading のベース本文（末尾アクセントの前）
3,anxious_3_a,anxious,3,不安を無理に明るく変えようとしなくて大丈夫です。そのままの気持ちにも、ちゃんと意味があります。,なし,前半（ベース本文）,generateDiaryReading のベース本文（末尾アクセントの前）
4,anxious_4_a,anxious,4,気になることや心配な部分が、具体的に見えてきたかもしれません。それは、少し整えたい場所に気づき始めたということかもしれません。,なし,前半（ベース本文）,generateDiaryReading のベース本文（末尾アクセントの前）
5,anxious_5_a,anxious,5,動きがあるほど、先が見えない感覚も出やすくなります。まずは自分のペースを、静かに取り戻していきましょう。,なし,前半（ベース本文）,generateDiaryReading のベース本文（末尾アクセントの前）
6,anxious_6_a,anxious,6,人や責任に関わることで、気持ちが重くなった可能性があります。自分を守る選択も、やさしさのひとつです。,なし,前半（ベース本文）,generateDiaryReading のベース本文（末尾アクセントの前）
7,anxious_7_a,anxious,7,理由がはっきりしなくても、気持ちが落ち着かないことがあります。その感覚は、内側を見つめるきっかけになるかもしれません。,なし,前半（ベース本文）,generateDiaryReading のベース本文（末尾アクセントの前）
8,anxious_8_a,anxious,8,気持ちが大きく動いた分、負担も感じやすかったかもしれません。少し力を抜くことで、バランスが戻ってきます。,なし,前半（ベース本文）,generateDiaryReading のベース本文（末尾アクセントの前）
9,anxious_9_a,anxious,9,強く感じた気持ちも、少しずつ外へ流れていきます。今は、少しずつ整理している途中なのかもしれません。,なし,前半（ベース本文）,generateDiaryReading のベース本文（末尾アクセントの前）
10,did_not_go_well_1_a,did_not_go_well（down）,1,始まりの時ほど、試行錯誤はつきものです。今日の一歩は、無駄ではありません。,なし,前半（ベース本文）,generateDiaryReading のベース本文（末尾アクセントの前）
11,did_not_go_well_2_a,did_not_go_well（down）,2,うまくいかなかったことが、心に残りやすかったかもしれません。少し時間を置くと、やさしく整ってきます。,なし,前半（ベース本文）,generateDiaryReading のベース本文（末尾アクセントの前）
12,did_not_go_well_3_a,did_not_go_well（down）,3,落ち込んだ気持ちも、無理に変えなくて大丈夫です。そのままの感覚も、大切な一部です。,なし,前半（ベース本文）,generateDiaryReading のベース本文（末尾アクセントの前）
13,did_not_go_well_4_a,did_not_go_well（down）,4,うまくいかなかったことで、整えるべき場所が見えてきたかもしれません。それは前進の一部です。,なし,前半（ベース本文）,generateDiaryReading のベース本文（末尾アクセントの前）
14,did_not_go_well_5_a,did_not_go_well（down）,5,思うようにいかなかったのは、流れの途中だった可能性があります。まだ変わっていく余地があります。,なし,前半（ベース本文）,generateDiaryReading のベース本文（末尾アクセントの前）
15,did_not_go_well_6_a,did_not_go_well（down）,6,うまくいかなかったことに、気持ちが重くなったかもしれません。自分を責めすぎず、そのやさしさを自分にも少し向けられるとよさそうです。,なし,前半（ベース本文）,generateDiaryReading のベース本文（末尾アクセントの前）
16,did_not_go_well_7_a,did_not_go_well（down）,7,落ち込んだ出来事の中にも、気づきがあったかもしれません。その理解は、これからの自分を少し助けてくれるかもしれません。,なし,前半（ベース本文）,generateDiaryReading のベース本文（末尾アクセントの前）
17,did_not_go_well_8_a,did_not_go_well（down）,8,うまくいかなかったことが、はっきりと感じられたかもしれません。その経験は、やがて力に変わっていきます。,なし,前半（ベース本文）,generateDiaryReading のベース本文（末尾アクセントの前）
18,did_not_go_well_9_a,did_not_go_well（down）,9,落ち込んだ気持ちも、終わりと整理の一部かもしれません。少しずつ次へ進む準備が、整っています。,なし,前半（ベース本文）,generateDiaryReading のベース本文（末尾アクセントの前）
19,family_friends_1_a,family_friends,1,何気ない会話や、一緒に過ごしたひとときが、これからの関係の小さな始まりになることがあります。心が動いた瞬間を、大切に残しておきましょう。,なし,前半（ベース本文）,generateDiaryReading のベース本文（末尾アクセントの前）
20,family_friends_2_a,family_friends,2,誰かと過ごす中で、相手の気持ちを受け取ったり、自分の心に気づいたりしたかもしれません。寄り添う時間の中にも、静かな意味があります。,なし,前半（ベース本文）,generateDiaryReading のベース本文（末尾アクセントの前）
21,family_friends_3_a,family_friends,3,一緒に過ごす時間の中で、自然と明るい空気が生まれやすい一日でした。小さな笑い声も、今日の大切な記録になります。,なし,前半（ベース本文）,generateDiaryReading のベース本文（末尾アクセントの前）
22,family_friends_4_a,family_friends,4,家族や友人との時間の中に、安心できる場所や守りたいものが見えたかもしれません。何気ない日常ほど、長く自分を支えてくれます。,なし,前半（ベース本文）,generateDiaryReading のベース本文（末尾アクセントの前）
23,family_friends_5_a,family_friends,5,いつもと違う会話や、思いがけない流れがあったかもしれません。人と過ごすことで、新しい景色が少しずつ開いていくことがあります。,なし,前半（ベース本文）,generateDiaryReading のベース本文（末尾アクセントの前）
24,family_friends_6_a,family_friends,6,誰かを思いやったり、思いやられたりする中で、心がやわらかくなる瞬間があったのではないでしょうか。あたたかい記憶は、静かに長く残ります。,なし,前半（ベース本文）,generateDiaryReading のベース本文（末尾アクセントの前）
25,family_friends_7_a,family_friends,7,たくさん話さなくても、同じ空間にいるだけで伝わるものがあったかもしれません。静かなつながりも、ちゃんと心に届いています。,なし,前半（ベース本文）,generateDiaryReading のベース本文（末尾アクセントの前）
26,family_friends_8_a,family_friends,8,一緒に過ごした時間が、信頼や現実的な支えとして感じられたかもしれません。大切なつながりは、日々の中でゆっくりと形になっていきます。,なし,前半（ベース本文）,generateDiaryReading のベース本文（末尾アクセントの前）
27,family_friends_9_a,family_friends,9,誰かと過ごした時間の中で、改めて大切にしたい気持ちが見えたかもしれません。今日の記憶は、心の中でやさしく整理されていきます。,なし,前半（ベース本文）,generateDiaryReading のベース本文（末尾アクセントの前）
28,favorite_fun_1_a,favorite_fun（enjoyed）,1,小さく始めた楽しみでも、これからの自分を明るくする入口になるかもしれません。その気持ちは、大切に育てていいものです。,なし,前半（ベース本文）,generateDiaryReading のベース本文（末尾アクセントの前）
29,favorite_fun_2_a,favorite_fun（enjoyed）,2,好きなことを楽しむ中で、心がふっとほどける瞬間があったかもしれません。その穏やかな喜びは、自分との仲直りにもなっています。,なし,前半（ベース本文）,generateDiaryReading のベース本文（末尾アクセントの前）
30,favorite_fun_3_a,favorite_fun（enjoyed）,3,好き、楽しい、やってみたいという気持ちが、自然に動きやすい一日でした。今日の楽しさは、ちゃんと人生の栄養になっています。,なし,前半（ベース本文）,generateDiaryReading のベース本文（末尾アクセントの前）
31,favorite_fun_4_a,favorite_fun（enjoyed）,4,好きなことをただ味わうだけでなく、少し整えたり続ける工夫をすると、長く支えになるかもしれません。楽しみも、育てれば立派な土台になります。,なし,前半（ベース本文）,generateDiaryReading のベース本文（末尾アクセントの前）
32,favorite_fun_5_a,favorite_fun（enjoyed）,5,好きなことに触れるほど、いつもの景色が少し違って見えたかもしれません。その軽やかさは、新しい自分に出会うきっかけになります。,なし,前半（ベース本文）,generateDiaryReading のベース本文（末尾アクセントの前）
33,favorite_fun_6_a,favorite_fun（enjoyed）,6,自分が楽しむことで、周りの空気も少しやわらいだかもしれません。喜びを分け合える時間は、長く心に残ります。,なし,前半（ベース本文）,generateDiaryReading のベース本文（末尾アクセントの前）
34,favorite_fun_7_a,favorite_fun（enjoyed）,7,誰かに見せるためではなく、自分だけがわかる楽しさに浸る時間も大切です。その集中は、心の奥を静かに満たしてくれます。,なし,前半（ベース本文）,generateDiaryReading のベース本文（末尾アクセントの前）
35,favorite_fun_8_a,favorite_fun（enjoyed）,8,好きなことをした時間が、元気や自信として戻ってきたかもしれません。楽しむことは、前へ進むための現実的な力にもなります。,なし,前半（ベース本文）,generateDiaryReading のベース本文（末尾アクセントの前）
36,favorite_fun_9_a,favorite_fun（enjoyed）,9,好きなことを味わった時間の中に、これまでの自分をねぎらうような感覚があったかもしれません。今日の喜びは、静かに心の整理にもなっています。,なし,前半（ベース本文）,generateDiaryReading のベース本文（末尾アクセントの前）
37,hard_day_1_a,hard_day,1,無理に進まなくても、休むことも次の一歩の準備になります。今は力をためる時間にしても大丈夫です。,なし,前半（ベース本文）,generateDiaryReading のベース本文（末尾アクセントの前）
38,hard_day_2_a,hard_day,2,周りに気を使いすぎて、しんどさが出た可能性があります。少し自分に戻る時間を、大切にしましょう。,なし,前半（ベース本文）,generateDiaryReading のベース本文（末尾アクセントの前）
39,hard_day_3_a,hard_day,3,無理に明るくしようとしなくて大丈夫です。そのままの自分を受け止めることが、回復につながります。,なし,前半（ベース本文）,generateDiaryReading のベース本文（末尾アクセントの前）
40,hard_day_4_a,hard_day,4,やるべきことが重く感じた日だったかもしれません。できる範囲で、少しずつで十分です。,なし,前半（ベース本文）,generateDiaryReading のベース本文（末尾アクセントの前）
41,hard_day_5_a,hard_day,5,動きが多いほど、しんどさも感じやすくなります。まずは落ち着ける場所に、戻ることを大切にしましょう。,なし,前半（ベース本文）,generateDiaryReading のベース本文（末尾アクセントの前）
42,hard_day_6_a,hard_day,6,人や状況に対して、責任を感じすぎた日だったかもしれません。自分をいたわることも、忘れないでください。,なし,前半（ベース本文）,generateDiaryReading のベース本文（末尾アクセントの前）
43,hard_day_7_a,hard_day,7,外に出せない疲れが、じんわり残っていた可能性があります。静かな時間の中で、少しずつ回復していきます。,なし,前半（ベース本文）,generateDiaryReading のベース本文（末尾アクセントの前）
44,hard_day_8_a,hard_day,8,頑張りすぎた分だけ、負担が大きくなっていたかもしれません。今はしっかり休むことが、一番大切です。,なし,前半（ベース本文）,generateDiaryReading のベース本文（末尾アクセントの前）
45,hard_day_9_a,hard_day,9,しんどさの中に、少し整理したいものが見えていたのかもしれません。その感覚は、次へ進む静かな準備でもあります。,なし,前半（ベース本文）,generateDiaryReading のベース本文（末尾アクセントの前）
46,health_care_1_a,health_care,1,小さなケアでも、これからの自分を変えるきっかけになります。今日整えたことは、未来の自分の基準になっていきます。,なし,前半（ベース本文）,generateDiaryReading のベース本文（末尾アクセントの前）
47,health_care_2_a,health_care,2,無理をせず、自分の状態に合わせた過ごし方ができたかもしれません。そのやさしい選択が、回復へとつながっています。,なし,前半（ベース本文）,generateDiaryReading のベース本文（末尾アクセントの前）
48,health_care_3_a,health_care,3,少し気分が上がるようなケアや、楽しく感じる整え方ができたかもしれません。心と体は、やさしくつながっています。,なし,前半（ベース本文）,generateDiaryReading のベース本文（末尾アクセントの前）
49,health_care_4_a,health_care,4,生活のリズムや基本的なことを整えた時間が、しっかり土台になります。今日のケアは、長く効いていきます。,なし,前半（ベース本文）,generateDiaryReading のベース本文（末尾アクセントの前）
50,health_care_5_a,health_care,5,いつもと違う整え方や、新しい習慣に触れた時間があったかもしれません。その変化は、少しずつ体に馴染んでいきます。,なし,前半（ベース本文）,generateDiaryReading のベース本文（末尾アクセントの前）
51,health_care_6_a,health_care,6,自分にやさしくすることが、しっかり回復につながります。整えた時間は、安心感として静かに残ります。,なし,前半（ベース本文）,generateDiaryReading のベース本文（末尾アクセントの前）
52,health_care_7_a,health_care,7,無理をせず、自分の状態をそっと感じることが大切な時間になります。その気づきが、これからの整え方を教えてくれます。,なし,前半（ベース本文）,generateDiaryReading のベース本文（末尾アクセントの前）
53,health_care_8_a,health_care,8,整えたことで、少し動きやすくなった感覚があったかもしれません。その変化は、日々を支える力になっていきます。,なし,前半（ベース本文）,generateDiaryReading のベース本文（末尾アクセントの前）
54,health_care_9_a,health_care,9,余分な力を抜くことで、回復が進みやすい時間です。整えた分だけ、次の流れが少し軽くなります。,なし,前半（ベース本文）,generateDiaryReading のベース本文（末尾アクセントの前）
55,heart_unsettled_1_a,heart_unsettled（emotional_wave）,1,新しい流れに入るとき、こうした違和感が出ることがあります。心が落ち着かない感覚は、変化の入り口でもあります。,なし,前半（ベース本文）,generateDiaryReading のベース本文（末尾アクセントの前）
56,heart_unsettled_2_a,heart_unsettled（emotional_wave）,2,人や出来事の影響を受けやすく、気持ちがまとまりにくかったかもしれません。無理に整えず、少し距離を置いても大丈夫です。,なし,前半（ベース本文）,generateDiaryReading のベース本文（末尾アクセントの前）
57,heart_unsettled_3_a,heart_unsettled（emotional_wave）,3,楽しいはずのことでも、心が追いつかない日もあります。その違和感も、ちゃんと自分の一部です。,なし,前半（ベース本文）,generateDiaryReading のベース本文（末尾アクセントの前）
58,heart_unsettled_4_a,heart_unsettled（emotional_wave）,4,うまくいかない部分や気になることが、はっきり見えてきたかもしれません。それは、少し整えたい場所に気づき始めたということかもしれません。,なし,前半（ベース本文）,generateDiaryReading のベース本文（末尾アクセントの前）
59,heart_unsettled_5_a,heart_unsettled（emotional_wave）,5,変化や動きの中で、少し振り回されるような感覚があったかもしれません。まずは自分のペースに、静かに戻っていきましょう。,なし,前半（ベース本文）,generateDiaryReading のベース本文（末尾アクセントの前）
60,heart_unsettled_6_a,heart_unsettled（emotional_wave）,6,人との関係や責任の中で、少し負担を感じた可能性もあります。自分にもやさしさを向ける時間があってよさそうです。,なし,前半（ベース本文）,generateDiaryReading のベース本文（末尾アクセントの前）
61,heart_unsettled_7_a,heart_unsettled（emotional_wave）,7,理由がはっきりしなくても、心が落ち着かないことがあります。その感覚は、内側を整えるきっかけになるかもしれません。,なし,前半（ベース本文）,generateDiaryReading のベース本文（末尾アクセントの前）
62,heart_unsettled_8_a,heart_unsettled（emotional_wave）,8,思いが強くなりすぎて、心がざわついたかもしれません。少し距離をとることで、落ち着きが戻ってきます。,なし,前半（ベース本文）,generateDiaryReading のベース本文（末尾アクセントの前）
63,heart_unsettled_9_a,heart_unsettled（emotional_wave）,9,ざわついた気持ちは、少し整理したいものに気づくきっかけかもしれません。無理に押さえず、ゆっくり流していくことも大切です。,なし,前半（ベース本文）,generateDiaryReading のベース本文（末尾アクセントの前）
64,irritated_1_a,irritated,1,思うように進まないことで、気持ちが強く出たかもしれません。その反応も、自分の大切なサインです。,なし,前半（ベース本文）,generateDiaryReading のベース本文（末尾アクセントの前）
65,irritated_2_a,irritated,2,ちょっとしたズレや違いが、気になった可能性があります。無理に合わせすぎないことも、大切な選択です。,なし,前半（ベース本文）,generateDiaryReading のベース本文（末尾アクセントの前）
66,irritated_3_a,irritated,3,楽しめないことで、逆に苛立ちが出たのかもしれません。その感覚も、正直な反応です。,なし,前半（ベース本文）,generateDiaryReading のベース本文（末尾アクセントの前）
67,irritated_4_a,irritated,4,思った通りにいかないことが気になったかもしれません。ひとつずつ見直していけば、少しずつ整っていきそうです。,なし,前半（ベース本文）,generateDiaryReading のベース本文（末尾アクセントの前）
68,irritated_5_a,irritated,5,流れが速いほど、気持ちが追いつかずイライラにつながることがあります。少し立ち止まることで、気持ちが戻りやすくなるかもしれません。,なし,前半（ベース本文）,generateDiaryReading のベース本文（末尾アクセントの前）
69,irritated_6_a,irritated,6,期待や責任が強いほど、感情も大きく動きやすくなります。やさしさと同じだけ、感情も動いています。,なし,前半（ベース本文）,generateDiaryReading のベース本文（末尾アクセントの前）
70,irritated_7_a,irritated,7,外に出せないことで、イライラが内側に残ったかもしれません。少しずつ言葉にしてみることも、助けになるかもしれません。,なし,前半（ベース本文）,generateDiaryReading のベース本文（末尾アクセントの前）
71,irritated_8_a,irritated,8,思いがはっきりしている分、衝突や苛立ちも出やすくなります。少し距離を取ると、落ち着いてきます。,なし,前半（ベース本文）,generateDiaryReading のベース本文（末尾アクセントの前）
72,irritated_9_a,irritated,9,溜まっていたものが表に出たのかもしれません。出た分だけ、少し軽くなっていきます。,なし,前半（ベース本文）,generateDiaryReading のベース本文（末尾アクセントの前）
73,lost_confidence_1_a,lost_confidence,1,新しいことに向かう時ほど、不安や弱さも見えてきます。それでも進もうとしていること自体が、大きな一歩です。,なし,前半（ベース本文）,generateDiaryReading のベース本文（末尾アクセントの前）
74,lost_confidence_2_a,lost_confidence,2,周りとの比較や反応で、気持ちが揺れたかもしれません。その感覚も、ちゃんと自分の一部です。,なし,前半（ベース本文）,generateDiaryReading のベース本文（末尾アクセントの前）
75,lost_confidence_3_a,lost_confidence,3,思ったようにいかないことで、自信が揺らいだかもしれません。それでも、あなたの良さは変わっていません。,なし,前半（ベース本文）,generateDiaryReading のベース本文（末尾アクセントの前）
76,lost_confidence_4_a,lost_confidence,4,できていない部分に目が向いたかもしれません。それは、成長の土台が見えてきたということです。,なし,前半（ベース本文）,generateDiaryReading のベース本文（末尾アクセントの前）
77,lost_confidence_5_a,lost_confidence,5,環境や状況の変化に、気持ちがついていかなかったかもしれません。少しずつ慣れていけば大丈夫です。,なし,前半（ベース本文）,generateDiaryReading のベース本文（末尾アクセントの前）
78,lost_confidence_6_a,lost_confidence,6,人のために頑張ろうとするほど、自分を責めやすくなることがあります。そのやさしさを、自分にも少し向けられるとよさそうです。,なし,前半（ベース本文）,generateDiaryReading のベース本文（末尾アクセントの前）
79,lost_confidence_7_a,lost_confidence,7,自分について深く考えるほど、自信が揺れることがあります。その時間も、自分を知るための大切な過程なのかもしれません。,なし,前半（ベース本文）,generateDiaryReading のベース本文（末尾アクセントの前）
80,lost_confidence_8_a,lost_confidence,8,思うようにいかなかったことで、自信を失ったように感じたかもしれません。その経験は、やがて力に変わっていきます。,なし,前半（ベース本文）,generateDiaryReading のベース本文（末尾アクセントの前）
81,lost_confidence_9_a,lost_confidence,9,自信をなくした感覚も、次へ進むための整理の一部かもしれません。少しずつ手放していく途中なのかもしれません。,なし,前半（ベース本文）,generateDiaryReading のベース本文（末尾アクセントの前）
82,new_challenge_1_a,new_challenge,1,まだ小さな挑戦でも、自分から踏み出したことには大きな意味があります。今日始めたことが、未来の流れを静かに変えていくかもしれません。,なし,前半（ベース本文）,generateDiaryReading のベース本文（末尾アクセントの前）
83,new_challenge_2_a,new_challenge,2,すぐに慣れなくても、感じたことや戸惑いの中に大切な気づきがあります。急がず、少しずつ自分のものにしていければ、それで十分です。,なし,前半（ベース本文）,generateDiaryReading のベース本文（末尾アクセントの前）
84,new_challenge_3_a,new_challenge,3,うまくできたかどうかより、やってみたことで心が少し動いたなら、それが今日の収穫です。軽やかな好奇心が、次の扉を開いていきます。,なし,前半（ベース本文）,generateDiaryReading のベース本文（末尾アクセントの前）
85,new_challenge_4_a,new_challenge,4,初めての経験も、手順や土台を少しずつ知ることで、安心に変わっていきます。今日の挑戦は、これから続けるための基礎になっています。,なし,前半（ベース本文）,generateDiaryReading のベース本文（末尾アクセントの前）
86,new_challenge_5_a,new_challenge,5,いつもと違う場所や方法に触れることで、心の窓が開きやすくなります。その変化は、新しい選択肢をそっと見せてくれるかもしれません。,なし,前半（ベース本文）,generateDiaryReading のベース本文（末尾アクセントの前）
87,new_challenge_6_a,new_challenge,6,誰かのためになる挑戦だったり、周りとの関係を深める経験だったかもしれません。新しいことの中にも、あたたかい意味が宿っています。,なし,前半（ベース本文）,generateDiaryReading のベース本文（末尾アクセントの前）
88,new_challenge_7_a,new_challenge,7,「これは何だろう」と静かに探りたくなるような時間があったかもしれません。表面より深く味わった今日の発見は、内側に長く残ります。,なし,前半（ベース本文）,generateDiaryReading のベース本文（末尾アクセントの前）
89,new_challenge_8_a,new_challenge,8,動いてみたことで、できることや必要なことが現実的に見えたかもしれません。その一歩は、確かな力になっています。,なし,前半（ベース本文）,generateDiaryReading のベース本文（末尾アクセントの前）
90,new_challenge_9_a,new_challenge,9,新しいことをしたことで、逆に手放すものや卒業する感覚が見えたかもしれません。次に進む準備が、静かに始まっています。,なし,前半（ベース本文）,generateDiaryReading のベース本文（末尾アクセントの前）
91,nothing_to_do_1_a,nothing_to_do（no_energy）,1,無理に始めようとせず、力をためる時間も大切です。次の一歩は、もう少し先でも大丈夫です。,なし,前半（ベース本文）,generateDiaryReading のベース本文（末尾アクセントの前）
92,nothing_to_do_2_a,nothing_to_do（no_energy）,2,何もしたくないのは、受け取りすぎた疲れかもしれません。静かに戻る時間が、今は合っているのかもしれません。,なし,前半（ベース本文）,generateDiaryReading のベース本文（末尾アクセントの前）
93,nothing_to_do_3_a,nothing_to_do（no_energy）,3,無理に明るくしようとしなくていい日があります。そのままの時間にも、意味があります。,なし,前半（ベース本文）,generateDiaryReading のベース本文（末尾アクセントの前）
94,nothing_to_do_4_a,nothing_to_do（no_energy）,4,整えるために、あえて動かない時間だったのかもしれません。土台を守る、大切な休みです。,なし,前半（ベース本文）,generateDiaryReading のベース本文（末尾アクセントの前）
95,nothing_to_do_5_a,nothing_to_do（no_energy）,5,流れが速いほど、立ち止まる必要も出てきます。今は無理をしない選択が、合っています。,なし,前半（ベース本文）,generateDiaryReading のベース本文（末尾アクセントの前）
96,nothing_to_do_6_a,nothing_to_do（no_energy）,6,何もできない日があっても、それは大切な調整です。今日は、やさしく過ごしてもいい時間です。,なし,前半（ベース本文）,generateDiaryReading のベース本文（末尾アクセントの前）
97,nothing_to_do_7_a,nothing_to_do（no_energy）,7,外へ向かわず、自分の内側に戻ることが必要だったのかもしれません。その時間にも、きっと意味があります。,なし,前半（ベース本文）,generateDiaryReading のベース本文（末尾アクセントの前）
98,nothing_to_do_8_a,nothing_to_do（no_energy）,8,力を使う前には、回復が必要です。今日は充電の時間として、受け取っていきましょう。,なし,前半（ベース本文）,generateDiaryReading のベース本文（末尾アクセントの前）
99,nothing_to_do_9_a,nothing_to_do（no_energy）,9,何もしたくない気持ちは、終わりと整理のサインかもしれません。今は、そのまま流していければ大丈夫です。,なし,前半（ベース本文）,generateDiaryReading のベース本文（末尾アクセントの前）
100,ordinary_record_1_a,ordinary_record（record_anyway）,1,特別なことがなくても、今日を書き残すこと自体が意味を持ちます。新しい流れは、こうした何気ない一日から始まることもあります。,なし,前半（ベース本文）,generateDiaryReading のベース本文（末尾アクセントの前）
101,ordinary_record_2_a,ordinary_record（record_anyway）,2,何もないように見える時間にも、ちゃんと心の動きがあります。その感覚を残すことも、大切なことです。,なし,前半（ベース本文）,generateDiaryReading のベース本文（末尾アクセントの前）
102,ordinary_record_3_a,ordinary_record（record_anyway）,3,特別でなくても、少し楽しかった瞬間や気がゆるんだ時間があったかもしれません。その小さな明るさも、記録に残していいものです。,なし,前半（ベース本文）,generateDiaryReading のベース本文（末尾アクセントの前）
103,ordinary_record_4_a,ordinary_record（record_anyway）,4,特別なことがなくても、安定して過ごせたことに意味があります。その一日も、静かな土台になっていきます。,なし,前半（ベース本文）,generateDiaryReading のベース本文（末尾アクセントの前）
104,ordinary_record_5_a,ordinary_record（record_anyway）,5,気づかないほど小さな違いも、流れの一部です。その一日を残すことに、価値があります。,なし,前半（ベース本文）,generateDiaryReading のベース本文（末尾アクセントの前）
105,ordinary_record_6_a,ordinary_record（record_anyway）,6,特別な出来事がなくても、安心できる時間があったのではないでしょうか。その穏やかな感覚は、大切なものです。,なし,前半（ベース本文）,generateDiaryReading のベース本文（末尾アクセントの前）
106,ordinary_record_7_a,ordinary_record（record_anyway）,7,外からは見えない一日でも、内側では何かが静かに動いています。その時間も、ちゃんと残していい日です。,なし,前半（ベース本文）,generateDiaryReading のベース本文（末尾アクセントの前）
107,ordinary_record_8_a,ordinary_record（record_anyway）,8,特別でなくても、積み重ねた時間は力になっています。その一日を記録することにも、意味があります。,なし,前半（ベース本文）,generateDiaryReading のベース本文（末尾アクセントの前）
108,ordinary_record_9_a,ordinary_record（record_anyway）,9,特別なことがなくても、一日を終えたこと自体が意味を持ちます。その余韻を、静かに残しておきましょう。,なし,前半（ベース本文）,generateDiaryReading のベース本文（末尾アクセントの前）
109,organize_1_a,organize,1,片づけた場所には、新しい空気が入りやすくなります。整えた小さな空間が、次の始まりを静かに受け入れる準備になっています。,なし,前半（ベース本文）,generateDiaryReading のベース本文（末尾アクセントの前）
110,organize_2_a,organize,2,片づけることで、気持ちのざわつきが少し静まったかもしれません。空間が整うと、心もやさしく呼吸できるようになります。,なし,前半（ベース本文）,generateDiaryReading のベース本文（末尾アクセントの前）
111,organize_3_a,organize,3,色や配置、使いやすさを工夫することで、片づけが少し自分らしい表現になります。整えた場所に、明るい気配が生まれています。,なし,前半（ベース本文）,generateDiaryReading のベース本文（末尾アクセントの前）
112,organize_4_a,organize,4,暮らしの土台を整えることで、これからの毎日が少し楽になります。地味な作業でも、今日の片づけは確かな支えになっています。,なし,前半（ベース本文）,generateDiaryReading のベース本文（末尾アクセントの前）
113,organize_5_a,organize,5,不要なものを手放すことで、気分まで少し軽くなったかもしれません。整えた場所から、静かな変化が始まります。,なし,前半（ベース本文）,generateDiaryReading のベース本文（末尾アクセントの前）
114,organize_6_a,organize,6,自分や誰かが過ごしやすくなるように整えた時間には、やさしさが宿っています。暮らしを整えることは、日々を大切にすることでもあります。,なし,前半（ベース本文）,generateDiaryReading のベース本文（末尾アクセントの前）
115,organize_7_a,organize,7,物を片づけながら、自分の内側も少し見えてきたかもしれません。何を残すかを選ぶ時間は、心を知る時間でもあります。,なし,前半（ベース本文）,generateDiaryReading のベース本文（末尾アクセントの前）
116,organize_8_a,organize,8,片づいた場所は、これからの行動をスムーズにしてくれます。今日の整理は、未来の豊かさにつながっています。,なし,前半（ベース本文）,generateDiaryReading のベース本文（末尾アクセントの前）
117,organize_9_a,organize,9,片づける中で、もう十分役目を終えたものに気づいたかもしれません。手放した分だけ、新しい余白が生まれています。,なし,前半（ベース本文）,generateDiaryReading のベース本文（末尾アクセントの前）
118,outing_1_a,outing,1,外へ出たことが、小さな始まりのきっかけになったかもしれません。その一歩が、これからの景色を少し変えていきます。,なし,前半（ベース本文）,generateDiaryReading のベース本文（末尾アクセントの前）
119,outing_2_a,outing,2,景色や人の気配に、いつもより敏感になっていたかもしれません。ゆっくり受け取った時間も、大切な体験として残っています。,なし,前半（ベース本文）,generateDiaryReading のベース本文（末尾アクセントの前）
120,outing_3_a,outing,3,何気ない移動の中にも、小さな発見や心が軽くなる瞬間があったのではないでしょうか。その明るさは、あとからじんわり残ります。,なし,前半（ベース本文）,generateDiaryReading のベース本文（末尾アクセントの前）
121,outing_4_a,outing,4,おでかけや移動が、生活や予定を整える一部になっていたかもしれません。動いたことが、しっかりと次の流れに結びついています。,なし,前半（ベース本文）,generateDiaryReading のベース本文（末尾アクセントの前）
122,outing_5_a,outing,5,外へ出ることで、新しい刺激や変化を自然に取り込めたのではないでしょうか。その動きは、心にも静かな風を運んでいます。,なし,前半（ベース本文）,generateDiaryReading のベース本文（末尾アクセントの前）
123,outing_6_a,outing,6,誰かと過ごす時間や、誰かを思いながら動いた時間があったかもしれません。そのやさしさは、今日の中にしっかり残っています。,なし,前半（ベース本文）,generateDiaryReading のベース本文（末尾アクセントの前）
124,outing_7_a,outing,7,外へ出ながらも、自分の内側を見つめるような時間があったかもしれません。移動の中で生まれた気づきは、これからのヒントになります。,なし,前半（ベース本文）,generateDiaryReading のベース本文（末尾アクセントの前）
125,outing_8_a,outing,8,移動や行動が、結果や手ごたえに結びつく流れになっていたかもしれません。今日の動きは、確かな力として残っています。,なし,前半（ベース本文）,generateDiaryReading のベース本文（末尾アクセントの前）
126,outing_9_a,outing,9,どこかで一区切りを感じたり、気持ちが少し整ったかもしれません。動いた時間が、次へ向かう静かな準備になっています。,なし,前半（ベース本文）,generateDiaryReading のベース本文（末尾アクセントの前）
127,rest_1_a,rest,1,何かを始める前には、心と体を戻す時間も必要です。今日の休息は、次の一歩のための静かな準備になっています。,なし,前半（ベース本文）,generateDiaryReading のベース本文（末尾アクセントの前）
128,rest_2_a,rest,2,人や出来事に敏感になりやすい分、休むことで自分の感覚を取り戻せたかもしれません。静かな時間は、心の調和をやさしく整えてくれます。,なし,前半（ベース本文）,generateDiaryReading のベース本文（末尾アクセントの前）
129,rest_3_a,rest,3,無理に楽しまなくていい日もあります。休むことで、また自然に笑える余白が戻ってきます。今日のゆるやかな時間も、大切な一部です。,なし,前半（ベース本文）,generateDiaryReading のベース本文（末尾アクセントの前）
130,rest_4_a,rest,4,しっかり休むことは、崩れない自分を作るための大事な時間です。何もしないように見えても、土台は静かに整えられています。,なし,前半（ベース本文）,generateDiaryReading のベース本文（末尾アクセントの前）
131,rest_5_a,rest,5,動き続けるだけが変化ではありません。立ち止まったことで、次に向かう方向が見えやすくなることがあります。,なし,前半（ベース本文）,generateDiaryReading のベース本文（末尾アクセントの前）
132,rest_6_a,rest,6,誰かのために動く前に、自分を満たす時間が必要なこともあります。休んだ分だけ、またあたたかく関われる力が戻ってきます。,なし,前半（ベース本文）,generateDiaryReading のベース本文（末尾アクセントの前）
133,rest_7_a,rest,7,外へ向かうより、内側に戻ることで整いやすい日があります。ゆっくり過ごした時間は、心の奥を静かに満たしています。,なし,前半（ベース本文）,generateDiaryReading のベース本文（末尾アクセントの前）
134,rest_8_a,rest,8,成果を出すためにも、エネルギーを戻す時間は欠かせません。今日の休息は、次に動くための現実的な力になっています。,なし,前半（ベース本文）,generateDiaryReading のベース本文（末尾アクセントの前）
135,rest_9_a,rest,9,疲れや余計な力をゆっくり抜くことで、心の中に新しい余白が生まれます。休むことも、ひとつの区切りです。,なし,前半（ベース本文）,generateDiaryReading のベース本文（末尾アクセントの前）
136,sad_1_a,sad,1,新しい流れに入る前には、こうした感情が出ることもあります。その気持ちも、次の一歩につながっています。,なし,前半（ベース本文）,generateDiaryReading のベース本文（末尾アクセントの前）
137,sad_2_a,sad,2,悲しさを感じたことも、心がちゃんと動いている証です。無理に消さず、そのまま受け止めて大丈夫です。,なし,前半（ベース本文）,generateDiaryReading のベース本文（末尾アクセントの前）
138,sad_3_a,sad,3,気持ちが明るくならない日もあります。悲しさがある日も、心がちゃんと動いている証です。今はそのままで大丈夫です。,なし,前半（ベース本文）,generateDiaryReading のベース本文（末尾アクセントの前）
139,sad_4_a,sad,4,悲しい気持ちが、じんわり長く残ったかもしれません。その時間も、心の土台を静かに作っています。,なし,前半（ベース本文）,generateDiaryReading のベース本文（末尾アクセントの前）
140,sad_5_a,sad,5,悲しさも、流れの中で少しずつ変わっていきます。無理に止めず、ゆっくり流していきましょう。,なし,前半（ベース本文）,generateDiaryReading のベース本文（末尾アクセントの前）
141,sad_6_a,sad,6,人との関係や思いの中で、強く残った気持ちがあったかもしれません。その気持ちは、大切なものに心を向けていた証かもしれません。,なし,前半（ベース本文）,generateDiaryReading のベース本文（末尾アクセントの前）
142,sad_7_a,sad,7,言葉にならない気持ちも、内側で静かに整理されていきます。無理に答えを出さなくて大丈夫です。,なし,前半（ベース本文）,generateDiaryReading のベース本文（末尾アクセントの前）
143,sad_8_a,sad,8,悲しさも、はっきりとした形で残ったかもしれません。少しずつ外に出していけると、心も少し楽になっていきそうです。,なし,前半（ベース本文）,generateDiaryReading のベース本文（末尾アクセントの前）
144,sad_9_a,sad,9,その気持ちは、少しずつ心の外へ流れていく途中かもしれません。今は余韻の中で、ゆっくり整えていければ大丈夫です。,なし,前半（ベース本文）,generateDiaryReading のベース本文（末尾アクセントの前）
145,very_happy_1_a,very_happy,1,その喜びは、これからの自分を動かすきっかけになるかもしれません。今日の感覚を、大切に持ち続けていきましょう。,なし,前半（ベース本文）,generateDiaryReading のベース本文（末尾アクセントの前）
146,very_happy_2_a,very_happy,2,誰かとの関係の中で感じた喜びだったかもしれません。そのあたたかさは、心の中に静かに残ります。,なし,前半（ベース本文）,generateDiaryReading のベース本文（末尾アクセントの前）
147,very_happy_3_a,very_happy,3,うれしい気持ちを素直に感じられたこと自体が、とても良い流れです。その明るさは、これからにもつながっていきます。,なし,前半（ベース本文）,generateDiaryReading のベース本文（末尾アクセントの前）
148,very_happy_4_a,very_happy,4,うれしかった出来事が、安心や安定として残りやすい日でした。今日の喜びは、心の土台の一部になっています。,なし,前半（ベース本文）,generateDiaryReading のベース本文（末尾アクセントの前）
149,very_happy_5_a,very_happy,5,思いがけない喜びや、動いたことで得られた嬉しさだったかもしれません。その感覚は、次の変化にもつながっていきます。,なし,前半（ベース本文）,generateDiaryReading のベース本文（末尾アクセントの前）
150,very_happy_6_a,very_happy,6,誰かと共有したり、誰かのために感じた喜びだったかもしれません。そのやさしさは、長く心に残ります。,なし,前半（ベース本文）,generateDiaryReading のベース本文（末尾アクセントの前）
151,very_happy_7_a,very_happy,7,表面的な喜びだけでなく、心の奥にじんわり残る感覚があったかもしれません。その余韻を、大切にしていい日です。,なし,前半（ベース本文）,generateDiaryReading のベース本文（末尾アクセントの前）
152,very_happy_8_a,very_happy,8,うれしい出来事が、自信や手ごたえとして実感できた可能性があります。その感覚は、次の行動を静かに支えてくれます。,なし,前半（ベース本文）,generateDiaryReading のベース本文（末尾アクセントの前）
153,very_happy_9_a,very_happy,9,うれしかった出来事が、これまでの流れの中で意味を持って見えてきたかもしれません。その感謝は、次へとつながっています。,なし,前半（ベース本文）,generateDiaryReading のベース本文（末尾アクセントの前）
154,work_study_1_a,work_study,1,自分から動いた一日には、ちゃんと意味があります。小さな一歩でも、それはこれからの道の始まりになっていくものです。,なし,前半（ベース本文）,generateDiaryReading のベース本文（末尾アクセントの前）
155,work_study_2_a,work_study,2,がんばった時間の中に、誰かの言葉や空気を受け取りながら進めた瞬間があったかもしれません。静かな積み重ねも、やがて前進に変わっていきます。,なし,前半（ベース本文）,generateDiaryReading のベース本文（末尾アクセントの前）
156,work_study_3_a,work_study,3,ただこなすだけでなく、少し自分らしさを混ぜられた時間があったなら、それはとても良い働き方です。今日の中に、未来の楽しさの種が残っています。,なし,前半（ベース本文）,generateDiaryReading のベース本文（末尾アクセントの前）
157,work_study_4_a,work_study,4,地道な作業や面倒なことほど、あとから自分を支えてくれます。派手ではなくても、今日のがんばりは確かな基礎になっています。,なし,前半（ベース本文）,generateDiaryReading のベース本文（末尾アクセントの前）
158,work_study_5_a,work_study,5,仕事や勉強の中でも、いつもと違うやり方や小さな気づきがあったかもしれません。その変化を少し受け入れた分だけ、次の選択肢が静かに広がっていきます。,なし,前半（ベース本文）,generateDiaryReading のベース本文（末尾アクセントの前）
159,work_study_6_a,work_study,6,誰かの役に立とうとした時間や、丁寧にやり遂げようとした気持ちは、静かに信頼を育てています。その積み重ねは、じわりと周りに伝わっていくものです。,なし,前半（ベース本文）,generateDiaryReading のベース本文（末尾アクセントの前）
160,work_study_7_a,work_study,7,外から見えにくい努力でも、内側では大切な理解が着実に進んでいます。答えを急がず、じっくり考えた時間にも、ちゃんと価値があります。,なし,前半（ベース本文）,generateDiaryReading のベース本文（末尾アクセントの前）
161,work_study_8_a,work_study,8,今日の積み重ねは、現実を動かす力になっています。まだ途中でも、がんばったことは手ごたえへと近づいていきます。,なし,前半（ベース本文）,generateDiaryReading のベース本文（末尾アクセントの前）
162,work_study_9_a,work_study,9,がんばった中で、終わらせるものや手放すものが見えてきたかもしれません。今日の経験は、次の段階へ進むための、静かな整理になっています。,なし,前半（ベース本文）,generateDiaryReading のベース本文（末尾アクセントの前）
